segment_id,t0_s,t1_s,seg_len_s,n_samples,east_m,north_m,drv1,drv2,drv3,drv4,bp_right_mean,bp_left_mean,bp_ratio_right_over_left,dlon,gt_label,em_label,em_decisive,gt_decisive,eval_ok,correct
0,50.0,51.0,1.0,250,0.10184121705547629,-0.04091973303684693,1.463277728555759,1.2403912143041456,1.353140197584712,1.4031128509725903,1.4331952897641747,1.2967657059444289,1.1052075815965419,1.100000000064938e-05,right,right,True,True,True,True
1,51.0,52.0,1.0,250,1.319910477087882,-0.5675389059351794,1.4798883210403078,1.369567591325935,1.4404774882999287,1.4135353051025972,1.4467118130714525,1.405022539812932,1.0296716046022087,2.300000000587943e-05,right,neutral,False,True,False,
2,52.0,53.0,1.0,250,3.6344835910539555,-2.045097091139759,1.413456372365003,1.1539559907499146,1.37349655912684,1.344199113799574,1.3788277430822884,1.2637262749383773,1.0910810121040837,2.2999999998774e-05,right,right,True,True,True,True
3,53.0,54.0,1.0,250,5.912023535112074,-5.140763848712835,1.4551811584500767,1.3321788973356388,1.3943549116917686,1.5372852896056837,1.4962332240278802,1.3632669045137038,1.0975350601367435,1.8999999994662176e-05,right,right,True,True,True,True
4,54.0,55.0,1.0,250,7.887260103038519,-10.342907296907379,1.273678032727171,1.2260197926007137,1.4814803148351703,1.4725049816787918,1.3730915072029815,1.3537500537179419,1.0142873150268177,2.7000000002885827e-05,right,neutral,False,True,False,
5,55.0,56.0,1.0,250,10.616443705427159,-16.81712070580886,1.6281981459967878,1.3283001203628204,1.54828014114707,1.4160971400420637,1.5221476430194256,1.4382901307549452,1.058303613764258,2.5999999998305157e-05,right,neutral,False,True,False,
6,56.0,57.0,1.0,250,13.30577639596703,-24.138639455754983,1.7713618948181213,1.075016105369136,1.4367578101942755,1.506153099074546,1.6387574969463337,1.2558869577817058,1.3048606698176868,3.500000000400405e-05,right,right,True,True,True,True
7,57.0,58.0,1.0,250,16.757509344323157,-32.6228123589522,1.3889102680503074,1.1326004301132282,1.3989020940183565,1.4711038094335962,1.4300070387419517,1.2657512620657925,1.1297693959301944,2.9999999995311555e-05,right,right,True,True,True,True
8,58.0,59.0,1.0,250,19.82240668116597,-41.21773540871755,1.6570825692433866,1.0604201435908112,1.5177223493607126,1.5370137456906865,1.5970481574670365,1.2890712464757619,1.2389138007951568,3.0999999999892225e-05,right,right,True,True,True,True
9,59.0,60.0,1.0,250,22.932387876789022,-50.11332954044297,1.372289006665746,1.1648621116531241,1.6655561052761836,1.5006153436651968,1.4364521751654715,1.4152091084646539,1.0150105497299011,3.0000000002416982e-05,right,neutral,False,True,False,
10,60.0,61.0,1.0,250,25.865253913175955,-58.93775891908344,1.3856465304473453,0.9118083609671248,1.387641505828059,1.4158260644044822,1.4007362974259139,1.1497249333975919,1.218322971640312,2.2999999998774e-05,right,right,True,True,True,True
11,61.0,62.0,1.0,250,28.198343611992307,-67.90451780354013,1.3742959202208487,1.057287938088954,1.2951899470586254,1.5174843427282103,1.4458901314745294,1.1762389425737898,1.2292486493524026,2.2999999998774e-05,right,right,True,True,True,True
12,62.0,63.0,1.0,250,30.36478404607818,-76.73383975892847,1.4474431651932025,1.0469853458119334,1.2209942212242872,1.2901563741433388,1.3687997696682705,1.1339897835181103,1.2070653453523026,8.000000001118224e-06,neutral,right,True,False,False,
13,63.0,64.0,1.0,250,31.197627832616522,-85.34699877643713,1.6565960123582202,1.133352623862873,1.316766029831122,1.59766197736948,1.62712899486385,1.2250593268469974,1.328204242199177,1.100000000064938e-05,right,right,True,True,True,True
14,64.0,65.0,1.0,250,32.341630753009696,-94.44452289507271,1.4745084146365168,1.2321991271564061,1.5375010228372283,1.5819058930300336,1.528207153833275,1.3848500749968173,1.103518121870909,1.5000000004761205e-05,right,right,True,True,True,True
15,65.0,66.0,1.0,250,33.89581628221873,-103.4183982548345,1.5244241441708088,1.161914357438126,1.5409258906449836,1.4820402024364812,1.503232173303645,1.3514201240415549,1.112335199514479,1.8999999994662176e-05,right,right,True,True,True,True
16,66.0,67.0,1.0,250,35.772431908790196,-112.731640531002,1.6024709276011868,1.0827063151536795,1.5525095511843099,1.5767478347041273,1.589609381152657,1.3176079331689947,1.2064358001620925,1.6000000002236447e-05,right,right,True,True,True,True
17,67.0,68.0,1.0,250,37.41799275960933,-122.25303970962997,1.3413514841456977,1.0897011342550273,1.3237076405300572,1.3244449814419352,1.3328982327938164,1.2067043873925423,1.1045772657493647,1.9000000001767603e-05,right,right,True,True,True,True
18,68.0,69.0,1.0,250,39.32238326405795,-131.95813290730882,1.4253290882824587,1.1379603795138846,1.4401093151294742,1.697519768286367,1.561424428284413,1.2890348473216795,1.2113128140241491,1.8999999994662176e-05,right,right,True,True,True,True
19,69.0,70.0,1.0,250,41.28071338544783,-141.33586824088806,1.590964507417857,1.0753517193018467,1.41966018761651,1.456080660638063,1.52352258402796,1.2475059534591784,1.22125476019046,2.300000000587943e-05,right,right,True,True,True,True
20,70.0,71.0,1.0,250,43.57676991450217,-150.54280816658482,1.4819824733012856,1.0443534297449852,1.3709498802469593,1.567548203687222,1.5247653384942539,1.2076516549959724,1.2625870483316972,2.2999999998774e-05,right,right,True,True,True,True
21,71.0,72.0,1.0,250,45.891343028432395,-159.17909572950273,1.5071828484534884,1.0379586260703533,1.5851218112891567,1.4678944323272518,1.48753864039037,1.3115402186797551,1.1341921652145608,2.200000000129876e-05,right,right,True,True,True,True
22,72.0,73.0,1.0,250,48.140705560367174,-167.00321554772498,1.4937016377633578,0.8944698672068654,1.4793962826180753,1.472001913344957,1.4828517755541575,1.1869330749124702,1.2493137202900084,2.69999999957804e-05,right,right,True,True,True,True
23,73.0,74.0,1.0,250,50.86868155890594,-174.4319262073817,1.5144163527143786,1.2017475538764633,1.5311681315889722,1.4184446488304066,1.4664305007723926,1.3664578427327179,1.0731619043875835,2.7000000002885827e-05,right,right,True,True,True,True
24,74.0,75.0,1.0,250,53.585789127635344,-181.28509192604625,1.4951680713326458,1.157235374461457,1.3350397755172851,1.3606982570063595,1.4279331641695028,1.246137574989371,1.1458872542076122,2.69999999957804e-05,right,right,True,True,True,True
25,75.0,76.0,1.0,250,56.29363840288722,-187.57071873945029,1.476817253365585,0.9379885733504453,1.3580426302415787,1.3482859877937432,1.4125516205796642,1.148015601796012,1.230428940486348,2.6000000005410584e-05,right,right,True,True,True,True
26,76.0,77.0,1.0,250,58.93023908091952,-192.17418870261275,1.7045278321951667,1.296809560270123,1.3781346631094147,1.291806726069426,1.4981672791322964,1.337472111689769,1.120148424806783,2.69999999957804e-05,right,right,True,True,True,True
27,77.0,78.0,1.0,250,61.57006003333359,-195.85874379199527,1.4154447747837278,1.1343737326950496,1.3279974153208307,1.1707164549651026,1.2930806148744152,1.2311855740079403,1.0502727145063802,1.9000000001767603e-05,right,neutral,False,True,False,
28,78.0,79.0,1.0,250,63.44345538532865,-198.5318698285439,1.5613953299202707,1.4631919455279243,1.579968173015905,1.3097996251209618,1.4355974775206164,1.5215800592719146,0.9434912535641132,1.4999999997655777e-05,right,neutral,False,True,False,
29,79.0,80.0,1.0,250,64.88533380120462,-199.95427533007035,1.3759821030837467,1.4805800115441525,1.496491528555362,1.5103453871290953,1.443163745106421,1.4885357700497572,0.9695190227495711,8.000000001118224e-06,neutral,neutral,False,False,False,
30,80.0,81.0,1.0,250,65.49235575871474,-198.81652884068555,1.262865824710318,1.4193644555182954,1.5640084767993787,1.445762562166985,1.3543141934386513,1.491686466158837,0.9079080786501162,-1.1999999998124622e-05,left,left,True,True,True,True
31,81.0,82.0,1.0,250,64.15433123208796,-195.22715660881073,1.2154057632540636,1.54612197924428,1.597751222527933,1.5448911175836861,1.3801484404188749,1.5719366008861064,0.8779924327996944,-2.5999999998305157e-05,left,left,True,True,True,True
32,82.0,83.0,1.0,250,61.576098050977464,-188.95175972858664,1.1815919303453433,1.5737805728447873,1.5585399947524168,1.681153420057252,1.4313726752012976,1.566160283798602,0.9139375388383701,-2.300000000587943e-05,left,left,True,True,True,True
33,83.0,84.0,1.0,250,59.15968371943356,-180.70154095134933,1.3355836278040099,1.4960123499796356,1.5759835562408395,1.6632249542026705,1.4994042910033403,1.5359979531102375,0.976175969484335,-3.399999999942338e-05,left,neutral,False,True,False,
34,84.0,85.0,1.0,250,55.680980962957605,-171.10853223984742,1.1523636887991675,1.3543168461593371,1.5496527112715772,1.478514420366376,1.3154390545827717,1.4519847787154572,0.9059592592606344,-4.2000000000541604e-05,left,left,True,True,True,True
35,85.0,86.0,1.0,250,51.44953877650433,-160.62062675824293,1.2075784652875214,1.3798713781511263,1.5182398689175671,1.38917612933103,1.2983772973092758,1.4490556235343468,0.8960161889040835,-3.899999999390502e-05,left,left,True,True,True,True
36,86.0,87.0,1.0,250,47.565081290309664,-149.68082509552298,1.2155936985125075,1.5629022176056628,1.4961367643098356,1.4854094315699127,1.3505015650412102,1.5295194909577492,0.882958061682207,-3.8000000003535206e-05,left,left,True,True,True,True
37,87.0,88.0,1.0,250,43.71041135307203,-138.3709667164937,1.0764560155855538,1.4110534252576767,1.5470319837678599,1.441504750017508,1.258980382801531,1.4790427045127683,0.8512130034921939,-3.799999999642978e-05,left,left,True,True,True,True
38,88.0,89.0,1.0,250,39.987772717972575,-127.38935576129192,1.0415929901244139,1.4582903059324548,1.5038663362993983,1.3244174517539102,1.1830052209391622,1.4810783211159264,0.7987458894461574,-3.0000000002416982e-05,left,left,True,True,True,True
39,89.0,90.0,1.0,250,36.94742998221306,-116.81427345764281,1.0365447551598945,1.4569699371624507,1.7132798230263782,1.1910875466701294,1.113816150915012,1.5851248800944144,0.7026677613240605,-3.0999999999892225e-05,left,left,True,True,True,True
40,90.0,91.0,1.0,250,33.911112591276314,-106.67418570697879,1.2620505593554356,1.3615648159110032,1.632335494132602,1.3620002594691536,1.3120254094122945,1.4969501550218025,0.8764656625411722,-2.2999999998774e-05,left,left,True,True,True,True
41,91.0,92.0,1.0,250,31.550248015589133,-96.95130132143754,1.1492260140156534,1.492462858096353,1.6962425803876207,1.5957659722132584,1.3724959931144558,1.5943527192419868,0.8608484035872502,-2.7000000002885827e-05,left,left,True,True,True,True
42,92.0,93.0,1.0,250,28.90720678644006,-87.20706750957928,1.1190748084436153,1.4483042377668585,1.4517968930359129,1.5021185615016415,1.3105966849726283,1.4500505654013858,0.9038282638163342,-1.9000000001767603e-05,left,left,True,True,True,True
43,93.0,94.0,1.0,250,26.96739324999776,-77.86669367131782,1.1555665390432168,1.4317957833765447,1.5365610718168639,1.4410387015561175,1.2983026202996673,1.4841784275967043,0.874761818497779,-2.199999999419333e-05,left,left,True,True,True,True
44,94.0,95.0,1.0,250,24.81544405605971,-68.58325163577157,1.020572522572054,1.4279385129021418,1.5633865124300816,1.494067766490526,1.25732014453129,1.4956625126661116,0.8406442856483971,-1.6000000002236447e-05,left,left,True,True,True,True
45,95.0,96.0,1.0,250,23.20812397897537,-59.408335848223466,1.0260458266880872,1.3009034377586204,1.4889627941584886,1.1452801206822212,1.0856629736851542,1.3949331159585545,0.7782903432894132,-1.4999999997655777e-05,left,left,True,True,True,True
46,96.0,97.0,1.0,250,21.766648096974283,-50.124893812998344,1.1238002338596227,1.5247192734027293,1.487103967034368,1.3258893930152325,1.2248448134374277,1.5059116202185487,0.8133577010712417,-8.000000001118224e-06,neutral,left,True,False,False,
47,97.0,98.0,1.0,250,20.964799463465635,-40.933965955964275,1.2967780290450979,1.3135401039359078,1.4264641771677609,1.268757990135917,1.2827680095905074,1.3700021405518343,0.9363255513409715,-7.000000003642981e-06,neutral,neutral,False,False,False,
48,98.0,99.0,1.0,250,20.253923616493815,-31.831994040552296,0.958857116385017,1.1597627459781403,1.383329367878122,1.139879748088023,1.04936843223652,1.2715460569281312,0.8252696994489057,-8.000000001118224e-06,neutral,left,True,False,False,
49,99.0,100.0,1.0,250,19.522921047010957,-22.532539935295144,0.8874922126374787,1.4519762103019302,1.2415116883714719,0.9934824357965777,0.9404873242170282,1.346743949336701,0.6983415998863314,0.0,neutral,left,True,False,False,
50,100.0,101.0,1.0,250,19.44885470743062,-13.790394802648883,0.8930766856879562,1.3735305736343517,1.3071202980738503,1.1115557861774845,1.0023162359327205,1.340325435854101,0.7478155745764912,-7.999999994012796e-06,neutral,left,True,False,False,
51,101.0,102.0,1.0,250,18.717852138529,-6.705943636031147,1.1731797133602486,1.4881147881422965,1.3352729988928322,1.1727404448669418,1.1729600791135952,1.4116938935175645,0.8308883990359212,0.0,neutral,left,True,False,False,
52,102.0,103.0,1.0,250,18.79191847810934,-1.1986813093547717,1.3518887979457324,1.363719988659831,1.3749161178657616,1.1623385739132648,1.2571136859294985,1.3693180532627962,0.9180582136736324,7.999999994012796e-06,neutral,left,True,False,False,
53,103.0,104.0,1.0,250,19.60020766228668,2.409816450268535,1.589423230400793,1.3965098431583762,1.4694875697726444,1.383053139260647,1.48623818483072,1.4329987064655103,1.037152495759417,8.000000001118224e-06,neutral,neutral,False,False,False,
54,104.0,105.0,1.0,250,20.496249358132527,2.8883994144330667,1.591655818019722,1.1298734915967472,1.1751985748045073,1.4775167515956804,1.5345862848077012,1.1525360332006271,1.3314866005066315,1.9000000001767603e-05,right,right,True,True,True,True
55,105.0,106.0,1.0,250,22.423584326551623,0.05426312394460956,1.5716063829436553,1.0798373153438052,1.413596641005123,1.3942117362499107,1.4829090595967829,1.2467169781744643,1.1894512431908713,1.9000000001767603e-05,right,right,True,True,True,True
56,106.0,107.0,1.0,250,24.402041171159258,-5.3555924469935965,1.663881087965717,1.0120582079532532,1.4932575228419858,1.366083667956961,1.514982377961339,1.2526578653976195,1.2094143339613743,2.69999999957804e-05,right,right,True,True,True,True
57,107.0,108.0,1.0,250,27.04508239920472,-12.887491998291308,1.7454874217278702,1.1153912065012763,1.4857497589042141,1.5762841711571445,1.6608857964425074,1.3005704827027453,1.27704404992414,1.9000000001767603e-05,right,right,True,True,True,True
58,108.0,109.0,1.0,250,29.011463210258118,-21.311174861257975,1.49571783007148,1.0934854538503795,1.4751085061868936,1.554013603304258,1.524865716687869,1.2842969800186366,1.1873155044448842,2.5999999998305157e-05,right,right,True,True,True,True
59,109.0,110.0,1.0,250,31.619886475982696,-31.137248139030095,1.5579371005707867,1.2600446024802274,1.4699384254812107,1.675156274239135,1.616546687404961,1.3649915139807192,1.184290650050001,2.300000000587943e-05,right,right,True,True,True,True
60,110.0,111.0,1.0,250,33.951366037010246,-41.57444873353621,1.5526712931550937,1.383927910655549,1.5010846291959927,1.6332245698904708,1.5929479315227821,1.442506269925771,1.1042918597537554,2.69999999957804e-05,right,right,True,True,True,True
61,111.0,112.0,1.0,250,36.695040879211284,-52.74642540322996,1.4077203027560394,1.3535016707084642,1.534320026300523,1.6014188337994226,1.5045695682777311,1.4439108485044936,1.042010017333178,3.0000000002416982e-05,right,neutral,False,True,False,
62,112.0,113.0,1.0,250,39.652058982291905,-63.30015828097802,1.482592641073756,1.2313631514044059,1.4204940073293624,1.5007595894902612,1.4916761152820086,1.325928579366884,1.1250048746926227,2.2999999998774e-05,right,right,True,True,True,True
63,113.0,114.0,1.0,250,42.10107860405256,-73.8040758317771,1.4520471829247876,1.2248756088524673,1.3458849358059888,1.7881104661946552,1.6200788245597213,1.285380272329228,1.2603887420988564,3.499999999689862e-05,right,right,True,True,True,True
64,114.0,115.0,1.0,250,45.52584174340033,-83.81072967010978,1.5250173477081688,1.1625066591955502,1.445041474487139,1.5311726841944955,1.5280950159513322,1.3037740668413447,1.1720550782647874,2.6000000005410584e-05,right,right,True,True,True,True
65,115.0,116.0,1.0,250,48.18860716048906,-93.11018377536695,1.4827005396053978,0.9952784445292795,1.3500039551859182,1.5010750366111985,1.4918877881082981,1.172641199857599,1.2722457545321342,3.0999999999892225e-05,right,right,True,True,True,True
66,116.0,117.0,1.0,250,51.28208444400099,-102.06270970919647,1.402174304280987,0.6602303559666551,1.4063923036244756,1.4574477160269423,1.4298110101539647,1.0333113297955654,1.3837175388726692,2.69999999957804e-05,right,right,True,True,True,True
67,117.0,118.0,1.0,250,53.99194639202019,-111.05259713855034,1.4890564929645054,1.0292237808233375,1.4496553423585294,1.48933575961211,1.4891961262883076,1.2394395615909335,1.2015076591365124,3.0000000002416982e-05,right,right,True,True,True,True
68,118.0,119.0,1.0,250,57.0443651608321,-120.00912609003778,1.4046292823170328,1.105855244319109,1.2220729321650248,1.6505460741293732,1.527587678223203,1.163964088242067,1.3124010385323108,3.0999999999892225e-05,right,right,True,True,True,True
69,119.0,120.0,1.0,250,60.12818161745761,-128.86068703039595,1.4320298811769163,1.047633333722472,1.7371412083030862,1.2390942048107465,1.3355620429938315,1.3923872710127791,0.9591886329314008,2.5999999998305157e-05,right,neutral,False,True,False,
70,120.0,121.0,1.0,250,62.78048113866823,-137.9012793463177,1.482176328891757,0.8647449032354257,1.2949794132029409,1.6644604597863593,1.5733183943390583,1.0798621582191834,1.4569622450087896,3.0999999999892225e-05,right,right,True,True,True,True
71,121.0,122.0,1.0,250,65.9278980385325,-146.6154033579074,1.601446615548649,1.1223786971341865,1.4087636483606232,1.4677456589113158,1.5345961372299826,1.2655711727474048,1.2125719756231144,3.399999999942338e-05,right,right,True,True,True,True
72,122.0,123.0,1.0,250,69.30918745701172,-155.65777479262294,1.521675394332857,1.1445957852402748,1.459075903149363,1.5184242809618615,1.5200498376473592,1.301835844194819,1.1676202068222394,3.0999999999892225e-05,right,right,True,True,True,True
73,123.0,124.0,1.0,250,72.39501658585144,-164.34521202151439,1.6365112841919982,1.162288700311756,1.4173159432723716,1.4929008738681007,1.5647060790300493,1.2898023217920638,1.2131363485654387,2.5999999998305157e-05,right,right,True,True,True,True
74,124.0,125.0,1.0,250,75.00988040229338,-172.7524380353872,1.5542212207552808,1.1730688057735714,1.7561005364546804,1.0794859707636861,1.3168535957594836,1.464584671114126,0.8991310790913429,2.7000000002885827e-05,right,left,True,True,True,False
75,125.0,126.0,1.0,250,77.70082323156687,-181.09472621173958,1.5457669346029863,1.0325671416572844,1.4454962106851257,1.603735877148535,1.5747514058757606,1.239031676171205,1.2709533066515137,2.2999999998774e-05,right,right,True,True,True,True
76,126.0,127.0,1.0,250,80.00613805302075,-189.00024071661855,1.5132064388141624,0.9268304382932582,1.3494880765826738,1.363727706228735,1.4384670725214486,1.138159257437966,1.26385394936688,2.2999999998774e-05,right,right,True,True,True,True
77,127.0,128.0,1.0,250,82.26797915292244,-196.03665567461422,1.6561722971847266,1.0889091530538528,1.4640430253513246,1.4584358924905039,1.5573040948376153,1.2764760892025886,1.2200025586146774,1.5000000004761205e-05,right,right,True,True,True,True
78,128.0,129.0,1.0,250,83.66517624546529,-200.19979372808774,1.6074515999703443,1.4187567873143343,1.5335405521862842,1.5510172906588313,1.579234445314588,1.4761486697503092,1.0698342773168745,3.999999997006398e-06,neutral,neutral,False,False,False,
79,129.0,130.0,1.0,250,83.92279829604124,-201.43005439639347,1.1845097833749403,1.4937341568871194,1.608683739105062,1.6738149239946896,1.429162353684815,1.5512089479960907,0.9213216282249146,-1.100000000064938e-05,left,left,True,True,True,True
80,130.0,131.0,1.0,250,82.70915691507011,-198.28457231170026,1.3502414318557179,1.358390875878059,1.679409865332236,1.5024712583691338,1.426356345112426,1.5189003706051474,0.9390716947051301,-2.2999999998774e-05,left,neutral,False,True,False,
81,131.0,132.0,1.0,250,80.26939558634658,-192.20176504461733,1.4570224820410986,1.5764517659238741,1.5989410634708736,1.6121575014379614,1.53458999173953,1.587696414697374,0.9665512736148828,-3.499999999689862e-05,left,neutral,False,True,False,
82,132.0,133.0,1.0,250,76.69649976772035,-183.39957465116169,1.320523214058687,1.442730265077764,1.6867726181574312,1.5987047132472647,1.4596139636529757,1.5647514416175976,0.9328088313783985,-4.2000000000541604e-05,left,left,True,True,True,True
83,133.0,134.0,1.0,250,72.40507994746292,-172.85518214764383,1.3122533157875969,1.3354384903616257,1.5431137568020052,1.267692848132663,1.28997308196013,1.4392761235818154,0.8962651855502706,-4.9000000004184585e-05,left,left,True,True,True,True
84,134.0,135.0,1.0,250,67.46477458631605,-161.3304951701669,1.280978015687562,1.3744428518576073,1.5119943301691516,1.3430846995893024,1.3120313576384324,1.4432185910133795,0.9091009260885201,-4.99999999945544e-05,left,left,True,True,True,True
85,135.0,136.0,1.0,250,62.405319027366836,-149.0888233060947,1.169830018874535,1.3190972784139592,1.4356100554574744,1.2591399898469875,1.2144850043607613,1.3773536669357167,0.8817524747022315,-5.300000000119098e-05,left,left,True,True,True,True
86,136.0,137.0,1.0,250,57.15506213635586,-136.80534214950242,0.9966070991858313,1.5934122931057595,1.6180498940185772,1.4272860208094387,1.2119465599976351,1.6057310935621683,0.7547630888239463,-4.600000000465343e-05,left,left,True,True,True,True
87,137.0,138.0,1.0,250,52.50739932298707,-124.55566425042134,1.1833098018954693,1.4246098694192975,1.6203332028814046,1.594927754094178,1.3891187779948235,1.5224715361503511,0.9124103439774532,-4.5999999997548e-05,left,left,True,True,True,True
88,138.0,139.0,1.0,250,47.85973651078589,-112.67426394889247,1.0526356383007767,1.4076568290562101,1.7343305406949088,1.5027716080909914,1.277703623195884,1.5709936848755595,0.8133092039113402,-4.5999999997548e-05,left,left,True,True,True,True
89,139.0,140.0,1.0,250,43.3231732079834,-101.5191889077364,1.127010581124838,1.4119570760855358,1.5025699291450845,1.3687871108184875,1.2478988459716627,1.45726350261531,0.8563302681581564,-3.8000000003535206e-05,left,left,True,True,True,True
90,140.0,141.0,1.0,250,39.585238262564005,-90.73417058267736,1.0666654619356428,1.375284180931593,1.715477143635272,1.3304893864923766,1.1985774242140097,1.5453806622834325,0.775587176329105,-2.9999999995311555e-05,left,left,True,True,True,True
91,141.0,142.0,1.0,250,36.61896186755241,-80.58518723793715,1.1093050295393652,1.5378092389256268,1.6894979192582342,1.3749665625930025,1.2421357960661839,1.6136535790919306,0.7697660837248506,-2.300000000587943e-05,left,left,True,True,True,True
92,142.0,143.0,1.0,250,34.341421922913064,-70.59810370648553,1.0603677335728807,1.3475727524669152,1.5708399535735729,1.3106521907721351,1.185509962172508,1.4592063530202442,0.8124347592914166,-1.8999999994662176e-05,left,left,True,True,True,True
93,143.0,144.0,1.0,250,32.42173510971156,-60.82718311256135,1.2113121574188626,1.541982307333648,1.542199372754179,1.3673273368263683,1.2893197471226154,1.5420908400439135,0.8360854715185909,-1.9000000001767603e-05,left,left,True,True,True,True
94,144.0,145.0,1.0,250,30.58215265189066,-51.604231116866515,1.0221108503236505,1.4355836595058558,1.694171995874603,1.3271039111744436,1.174607380749047,1.5648778276902293,0.7506064434964713,-1.1999999998124622e-05,left,left,True,True,True,True
95,145.0,146.0,1.0,250,29.379379701960556,-42.0245657963106,1.017934366583535,1.2985292867060823,1.480361914809504,1.1802733526901719,1.0991038596368534,1.389445600757793,0.7910377052814522,-1.100000000064938e-05,left,left,True,True,True,True
96,146.0,147.0,1.0,250,28.24584267791153,-32.7980555632518,1.2105019737209188,1.2540072082209144,1.5930067337772815,1.0893262703071875,1.1499141220140532,1.423506970999098,0.8078036465160253,-1.5000000004761205e-05,left,left,True,True,True,True
97,147.0,148.0,1.0,250,26.76290574653406,-23.91224658540122,1.0863302672564423,1.3177944906873182,1.5346965474471665,1.1893389944107,1.1378346308335712,1.4262455190672423,0.7977831415573593,-1.1999999998124622e-05,left,left,True,True,True,True
98,148.0,149.0,1.0,250,25.528735109177003,-15.176773148136697,1.0154700203947964,1.4323689582298378,1.5095711281033226,1.3153679196068453,1.1654189700008208,1.4709700431665802,0.7922792006640769,-1.4999999997655777e-05,left,left,True,True,True,True
99,149.0,150.0,1.0,250,23.968511563609493,-6.903870605765744,1.1233826545211198,1.0721820480237427,1.5725290868205997,1.2097902000734213,1.1665864272972706,1.3223555674221712,0.8822032863456231,-1.9000000001767603e-05,left,left,True,True,True,True
100,150.0,151.0,1.0,250,22.10115422843126,0.9576107081618882,0.966254223686213,1.7215232620980594,1.5379855489853804,1.1085576963707415,1.0374059600284773,1.62975440554172,0.6365412828466325,-1.4999999997655777e-05,left,left,True,True,True,True
101,151.0,152.0,1.0,250,20.65323779573845,7.586162675267781,1.0907734990498617,1.5546047915681873,1.3183117123589998,1.267151415810124,1.1789624574299928,1.4364582519635936,0.8207425839340531,-8.000000001118224e-06,neutral,left,True,False,False,
102,152.0,153.0,1.0,250,19.925455501892078,12.1584980590956,1.4530711147946869,1.4717343219720886,1.3413984787988853,1.3517882043192468,1.402429659556967,1.406566400385487,0.9970589793504336,0.0,neutral,neutral,False,False,False,
103,153.0,154.0,1.0,250,19.964098809499212,13.362961504298015,1.5119429130472852,1.1442387994670973,1.531749798028822,1.4156805479582515,1.4638117305027682,1.3379942987479596,1.0940343556564804,3.999999997006398e-06,neutral,right,True,False,False,
104,154.0,155.0,1.0,250,20.466864342978695,11.002960381005309,1.3193958338417076,1.2632081802434034,1.3829629679068043,1.499953521961028,1.4096746779013678,1.3230855740751037,1.0654448249780017,1.5000000004761205e-05,right,neutral,False,True,False,
105,155.0,156.0,1.0,250,21.976368547822677,5.89555501047008,1.6745015168169692,1.0791096162539986,1.3681015032930812,1.6248715761812216,1.6496865464990953,1.22360555977354,1.3482175962034797,1.4999999997655777e-05,right,right,True,True,True,True
106,156.0,157.0,1.0,250,23.530554077093168,-1.4997971707430844,1.533708791133374,1.0611889158731354,1.5988693725909726,1.6431748529903976,1.5884418220618857,1.330029144232054,1.1942909889986182,1.9000000001767603e-05,right,right,True,True,True,True
107,157.0,158.0,1.0,250,25.51987935145385,-10.19435087493964,1.29588657938125,1.217102928949014,1.574459286845638,1.6694987474051037,1.482692663393177,1.3957811078973261,1.06226732472886,2.69999999957804e-05,right,neutral,False,True,False,
108,158.0,159.0,1.0,250,28.215250059115235,-19.214483324501437,1.6487925099922425,1.351130893826959,1.5941987836917497,1.7071630395037365,1.6779777747479896,1.4726648387593544,1.1394159285839953,2.7000000002885827e-05,right,right,True,True,True,True
109,159.0,160.0,1.0,250,30.906192887804945,-30.429603625926504,1.6292238167883748,1.355777909781279,1.5070684386936812,1.6105441371803724,1.6198839769843736,1.4314231742374801,1.131659739858052,2.2999999998774e-05,right,right,True,True,True,True
110,160.0,161.0,1.0,250,33.273498015338674,-42.06815420751259,1.8543475774156297,1.4654314645255848,1.6484977307776227,1.6365507207231818,1.7454491490694057,1.5569645976516038,1.1210589834233202,3.0000000002416982e-05,right,right,True,True,True,True
111,161.0,162.0,1.0,250,36.355301799849826,-54.00248329467019,1.4678860222707315,1.3342880854267076,1.589654359299694,1.696422529917017,1.5821542760938743,1.4619712223632009,1.082206169240735,3.399999999942338e-05,right,right,True,True,True,True
112,162.0,163.0,1.0,250,39.72290504629465,-66.1680978289973,1.4174007712349068,1.3690220530990238,1.5365153167771508,1.5126325033378898,1.4650166372863982,1.4527686849380874,1.0084307656651015,3.0999999999892225e-05,right,neutral,False,True,False,
113,163.0,164.0,1.0,250,42.85502563747517,-77.70790731618565,1.9239441551326903,1.415185635464977,1.6583021268834917,1.6966670683348417,1.810305611733766,1.5367438811742344,1.1780138733010614,3.0999999999892225e-05,right,right,True,True,True,True
114,164.0,165.0,1.0,250,45.9179103024059,-89.58752849918244,1.5562987163928363,1.1819139555634044,1.6985295994385563,1.5669220270179867,1.5616103717054115,1.4402217775009802,1.084284654003122,2.5999999998305157e-05,right,right,True,True,True,True
115,165.0,166.0,1.0,250,48.5170752750908,-101.83720639797362,1.5779134502417473,1.267815425375694,1.5314337741514263,1.4882835629228903,1.5330985065823188,1.3996245997635601,1.095364076082477,2.2999999998774e-05,right,right,True,True,True,True
116,166.0,167.0,1.0,250,50.82239009654468,-113.64833150616667,1.4017980940717327,1.2309355464183214,1.353470300896503,1.519401669535569,1.4605998818036507,1.2922029236574122,1.1303177349805191,2.2999999998774e-05,right,right,True,True,True,True
117,167.0,168.0,1.0,250,53.116836487231545,-125.17168414422994,1.4568167364266353,1.0930839002141532,1.4411047124266625,1.5626266973831058,1.5097217169048704,1.2670943063204079,1.1914833089961891,1.9000000001767603e-05,right,right,True,True,True,True
118,168.0,169.0,1.0,250,55.05826016204903,-136.32675918538598,1.4205804745831518,1.1980254623368076,1.379644002826233,1.5436098087632109,1.4820951416731813,1.2888347325815204,1.1499497214080836,2.2999999998774e-05,right,right,True,True,True,True
119,169.0,170.0,1.0,250,57.420734875558296,-147.2354262688393,1.388649806952953,1.144618062951583,1.3581529425487089,1.4195006847332579,1.4040752458431054,1.251385502750146,1.1220165510607212,2.7000000002885827e-05,right,right,True,True,True,True
120,170.0,171.0,1.0,250,60.08068255182516,-157.69486584846518,1.4597813733757796,1.0976362878362034,1.340032755224902,1.595641752616129,1.5277115629959543,1.2188345215305527,1.2534199975543268,2.2999999998774e-05,right,right,True,True,True,True
121,171.0,172.0,1.0,250,62.49266900373165,-167.98706825889658,1.4480977223843368,0.9619724262716801,1.3665088348489447,1.4498040965399532,1.448950909462145,1.1642406305603124,1.2445459052264913,3.399999999942338e-05,right,right,True,True,True,True
122,172.0,173.0,1.0,250,65.96493120838156,-177.7499828184159,1.6490280023773944,1.1150859954969643,1.3720656378596727,1.4569800355665175,1.553004018971956,1.2435758166783186,1.2488213409618585,3.8000000003535206e-05,right,right,True,True,True,True
123,173.0,174.0,1.0,250,69.78900852713271,-186.86796680321626,1.443405873553384,0.8934558006901349,1.3361264697193904,1.4996480634203881,1.4715269684868861,1.1147911352047626,1.3200023950823747,3.799999999642978e-05,right,right,True,True,True,True
124,174.0,175.0,1.0,250,73.57122226209226,-195.84184216283793,1.5209136330824387,0.9959260517614159,1.1646872170659281,1.4074533503418796,1.4641834917121592,1.080306634413672,1.355340645951724,3.500000000400405e-05,right,right,True,True,True,True
125,175.0,176.0,1.0,250,77.0241628138425,-203.5432027826456,1.6184822861780286,1.1906857543354414,1.3363594923092745,1.3988362127694167,1.5086592494737228,1.263522623322358,1.194010476446233,2.5999999998305157e-05,right,right,True,True,True,True
126,176.0,177.0,1.0,250,79.53879555159386,-208.74623579014087,1.3991732696857835,1.3473408163026623,1.3797553902988045,1.450555209757482,1.4248642397216327,1.3635481033007335,1.0449680772335581,1.4999999997655777e-05,right,neutral,False,True,False,
127,177.0,178.0,1.0,250,81.01086405153346,-211.20497800781865,1.3845134434689434,1.5167221689627586,1.5018998403930433,1.4352473962432701,1.4098804198561068,1.509311004677901,0.9341218711626544,1.1999999998124622e-05,right,left,True,True,True,False
128,178.0,179.0,1.0,250,82.07838542476688,-210.02230876813374,1.218210237564282,1.5745929044808413,1.600345803238426,1.4188252038414324,1.3185177207028573,1.5874693538596336,0.8305783777791547,-3.999999997006398e-06,neutral,left,True,False,False,
129,179.0,180.0,1.0,250,81.53858672149724,-204.9140138382016,1.4005008479674752,1.3223637869782192,1.5688909283368109,1.5143992512610607,1.457450049614268,1.4456273576575152,1.0081782430957242,-1.9000000001767603e-05,left,neutral,False,True,False,
130,180.0,181.0,1.0,250,79.53678287905187,-197.36654699748843,1.2745897918097842,1.6043035438511197,1.5465515181653624,1.5026644394533972,1.3886271156315906,1.575427531008241,0.881428747625667,-2.9999999995311555e-05,left,left,True,True,True,True
131,181.0,182.0,1.0,250,76.33904917211878,-188.27169155721745,1.1658316965651876,1.46388960724677,1.5496097377395608,1.5634170477011569,1.3646243721331723,1.5067496724931653,0.9056742450623378,-4.600000000465343e-05,left,left,True,True,True,True
132,182.0,183.0,1.0,250,71.69138635930818,-178.0110685060426,1.1864814439472084,1.4663614133060217,1.5234288972604102,1.6025501179413735,1.394515780944291,1.494895155283216,0.9328518966804012,-5.000000000165983e-05,left,left,True,True,True,True
133,183.0,184.0,1.0,250,66.5578644601385,-167.00277076823727,1.2690336033649565,1.517589867157042,1.5135149999098954,1.409369886525462,1.3392017449452092,1.5155524335334687,0.8836393352771683,-6.099999999520378e-05,left,left,True,True,True,True
134,184.0,185.0,1.0,250,60.443768629731046,-156.05807652874543,1.277480164008895,1.308675269407945,1.6340091193955995,1.2598533468365354,1.2686667554227151,1.4713421944017724,0.8622513241649661,-6.100000000230921e-05,left,left,True,True,True,True
135,185.0,186.0,1.0,250,54.25600899407653,-145.21790551983568,1.2070147503335524,1.4900833863198264,1.6251139390057934,1.2504798757835196,1.228747313058536,1.55759866266281,0.7888728608420332,-6.100000000230921e-05,left,left,True,True,True,True
136,186.0,187.0,1.0,250,48.14191316314929,-134.86877130720538,1.1235390619832293,1.4323515973155223,1.5334962861826633,1.333194311764022,1.2283666868736256,1.482923941749093,0.8283409905870022,-6.099999999520378e-05,left,left,True,True,True,True
137,187.0,188.0,1.0,250,42.055994745141724,-125.08717600002788,0.9578613476588947,1.3467748913256463,1.6075933862938994,1.2652676477626097,1.1115644977107522,1.4771841388097728,0.752488784916405,-5.300000000119098e-05,left,left,True,True,True,True
138,188.0,189.0,1.0,250,36.808555595426306,-115.84554325689699,1.0887049861134646,1.2876225635172736,1.5941776680750117,1.2696638455863474,1.1791844158499059,1.4409001157961425,0.8183665216782702,-4.5999999997548e-05,left,left,True,True,True,True
139,189.0,190.0,1.0,250,32.31828375492106,-107.21325871134843,1.0255751160274609,1.1981982054004654,1.3657714635183662,1.2594264149769467,1.142500765502204,1.2819848344594158,0.8911967870384137,-3.0999999999892225e-05,left,left,True,True,True,True
140,190.0,191.0,1.0,250,29.207900024265697,-99.01552393968637,1.0746804912077221,1.424609529832676,1.5061188463566044,1.2940201141077587,1.1843503026577404,1.4653641880946402,0.808229320929228,-3.0000000002416982e-05,left,left,True,True,True,True
141,191.0,192.0,1.0,250,26.290732831633214,-91.1309140807668,1.0723349222808969,1.4306846251629772,1.5101580795264389,1.3475323350340795,1.2099336286574882,1.470421352344708,0.8228482446396397,-1.9000000001767603e-05,left,left,True,True,True,True
142,192.0,193.0,1.0,250,24.378694172489368,-83.3574991488989,1.0192954976273583,1.4346947579155178,1.406896776060169,1.3663361653278212,1.1928158314775898,1.4207957669878435,0.8395406709343016,-1.9000000001767603e-05,left,left,True,True,True,True
143,193.0,194.0,1.0,250,22.49443039023941,-75.67481927727567,0.9794773870916191,1.4748916352593933,1.503915047002966,1.1442766819140284,1.0618770345028237,1.4894033411311796,0.7129546477963075,-1.599999999513102e-05,left,left,True,True,True,True
144,194.0,195.0,1.0,250,20.899588881828667,-67.91252383837791,1.0546552325740497,1.461115576028872,1.7235279601390017,1.3476473130656477,1.2011512728198488,1.592321768083937,0.7543395417279328,-1.5000000004761205e-05,left,left,True,True,True,True
145,195.0,196.0,1.0,250,19.421079830073268,-60.00656455383866,1.0619323273823547,1.3821320843878975,1.4285733494180122,1.2418702450145258,1.1519012861984401,1.405352716902955,0.819652797723935,-1.0999999993543952e-05,left,left,True,True,True,True
146,196.0,197.0,1.0,250,18.30002137468248,-52.31409952833355,0.9587108287687143,1.3556374810184888,1.5670790228904432,1.2478012577201154,1.1032560432444147,1.461358251954466,0.7549524846278357,-1.200000000523005e-05,left,left,True,True,True,True
147,197.0,198.0,1.0,250,17.143539885897365,-44.772859603455004,1.0942082451835549,1.5586125236346846,1.7804929670041532,1.2254786607114796,1.1598434529475172,1.669552745319419,0.6947030911117551,-6.999999996537554e-06,neutral,left,True,False,False,
148,198.0,199.0,1.0,250,16.503912637963143,-37.15066977188549,0.9882199283948567,1.3833242536400745,1.5348900918597026,1.2493831429053124,1.1188015356500847,1.4591071727498885,0.7667713219047159,0.0,neutral,left,True,False,False,
149,199.0,200.0,1.0,250,16.571538426290985,-29.662358631846352,0.9113832725113784,1.3993664369451804,1.5685408433404908,1.2831712791299623,1.0972772758206704,1.4839536401428357,0.7394282719742199,6.999999996537554e-06,neutral,left,True,False,False,
