Time_ms,V1
449,1.758
706,1.777
912,1.741
917,1.723
921,1.737
925,1.729
929,1.732
933,1.758
937,1.798
941,1.756
945,1.726
949,1.733
953,1.766
957,1.754
961,1.742
965,1.779
969,1.746
973,1.719
977,1.728
981,1.762
985,1.713
989,1.727
993,1.747
997,1.749
1001,1.718
1005,1.729
1009,1.742
1013,1.715
1016,1.717
1020,1.72
1024,1.75
1028,1.717
1032,1.746
1040,1.721
1045,1.743
1050,1.75
1054,1.775
1057,1.734
1061,1.75
1065,1.776
1069,1.734
1073,1.754
1077,1.782
1081,1.708
1085,1.744
1089,1.762
1092,1.737
1096,1.718
1100,1.74
1103,1.766
1107,1.724
1111,1.714
1115,1.757
1118,1.748
1122,1.766
1126,1.755
1129,1.711
1133,1.736
1137,1.743
1141,1.725
1144,1.754
1148,1.716
1152,1.758
1156,1.784
1165,1.758
1170,1.73
1174,1.737
1178,1.737
1182,1.77
1186,1.792
1190,1.729
1194,1.75
1198,1.798
1202,1.718
1206,1.762
1210,1.744
1214,1.727
1218,1.716
1222,1.719
1226,1.748
1230,1.731
1234,1.749
1238,1.753
1242,1.794
1246,1.745
1250,1.704
1254,1.788
1258,1.775
1262,1.784
1266,1.713
1270,1.761
1275,1.738
1279,1.715
1283,1.717
1287,1.764
1296,1.761
1301,1.736
1305,1.725
1309,1.756
1313,1.731
1317,1.721
1321,1.708
1325,1.768
1329,1.724
1333,1.717
1337,1.71
1341,1.722
1345,1.756
1349,1.764
1353,1.769
1357,1.762
1361,1.72
1365,1.717
1369,1.716
1373,1.762
1377,1.764
1381,1.783
1385,1.762
1389,1.707
1393,1.75
1397,1.714
1401,1.733
1405,1.766
1409,1.763
1413,1.765
1417,1.789
1426,1.752
1431,1.758
1435,1.744
1439,1.763
1443,1.696
1447,1.733
1451,1.752
1455,1.723
1459,1.778
1463,1.75
1467,1.723
1471,1.723
1475,1.73
1480,1.751
1484,1.731
1488,1.72
1492,1.78
1496,1.74
1500,1.775
1504,1.704
1508,1.788
1512,1.721
1516,1.716
1520,1.758
1524,1.737
1528,1.737
1532,1.739
1536,1.759
1541,1.738
1545,1.737
1549,1.74
1558,1.73
1563,1.715
1567,1.733
1571,1.77
1575,1.745
1579,1.708
1583,1.764
1587,1.766
1591,1.716
1594,1.779
1598,1.751
1602,1.692
1606,1.74
1609,1.77
1614,1.733
1617,1.706
1621,1.731
1625,1.736
1629,1.732
1632,1.741
1636,1.741
1640,1.766
1644,1.756
1651,1.741
1655,1.706
1659,1.736
1662,1.753
1666,1.783
1670,1.754
1674,1.72
1680,1.71
1684,1.747
1688,1.766
1691,1.77
1695,1.745
1699,1.74
1703,1.706
1706,1.723
1710,1.778
1714,1.736
1718,1.76
1722,1.733
1726,1.758
1730,1.748
1734,1.754
1738,1.765
1742,1.757
1746,1.77
1750,1.736
1754,1.722
1758,1.745
1762,1.744
1766,1.799
1771,1.744
1775,1.73
1778,1.702
1783,1.75
1787,1.724
1791,1.733
1795,1.728
1799,1.749
1807,1.741
1812,1.774
1816,1.769
1820,1.745
1824,1.696
1828,1.75
1832,1.772
1836,1.75
1840,1.754
1844,1.71
1848,1.703
1852,1.755
1856,1.789
1860,1.736
1864,1.725
1868,1.736
1872,1.766
1877,1.761
1880,1.758
1885,1.704
1889,1.742
1893,1.792
1897,1.765
1901,1.72
1905,1.725
1909,1.744
1913,1.732
1917,1.768
1921,1.759
1925,1.704
1929,1.746
1939,1.753
1944,1.753
1948,1.762
1951,1.776
1955,1.718
1960,1.745
1964,1.728
1967,1.778
1972,1.748
1976,1.736
1980,1.733
1984,1.71
1988,1.746
1992,1.738
1996,1.7
1999,1.689
2004,1.718
2008,1.759
2012,1.781
2016,1.733
2020,1.762
2024,1.767
2028,1.729
2032,1.719
2036,1.759
2040,1.783
2044,1.772
2048,1.74
2052,1.75
2057,1.722
2061,1.733
2070,1.689
2075,1.759
2079,1.761
2083,1.699
2087,1.709
2091,1.756
2095,1.751
2099,1.736
2103,1.757
2107,1.712
2112,1.771
2116,1.75
2119,1.741
2124,1.722
2128,1.751
2132,1.774
2136,1.704
2140,1.751
2144,1.729
2148,1.728
2152,1.747
2156,1.793
2160,1.747
2164,1.729
2167,1.734
2172,1.734
2176,1.775
2179,1.746
2183,1.737
2187,1.718
2191,1.754
2201,1.806
2205,1.759
2209,1.737
2213,1.727
2217,1.743
2220,1.735
2225,1.76
2228,1.751
2232,1.745
2236,1.7
2240,1.723
2243,1.751
2247,1.732
2251,1.735
2254,1.721
2258,1.756
2262,1.748
2265,1.763
2269,1.757
2273,1.708
2277,1.732
2280,1.746
2284,1.745
2288,1.774
2292,1.73
2296,1.752
2300,1.749
2304,1.763
2308,1.716
2312,1.741
2316,1.75
2325,1.769
2329,1.763
2333,1.74
2338,1.75
2341,1.739
2345,1.729
2349,1.738
2353,1.745
2357,1.76
2361,1.712
2365,1.708
2369,1.781
2373,1.726
2377,1.731
2381,1.749
2385,1.728
2389,1.729
2393,1.753
2397,1.733
2401,1.733
2405,1.729
2409,1.764
2413,1.751
2417,1.729
2421,1.737
2425,1.752
2429,1.765
2433,1.737
2437,1.78
2441,1.775
2445,1.739
2454,1.764
2459,1.758
2463,1.745
2467,1.748
2471,1.745
2475,1.73
2479,1.75
2483,1.743
2487,1.711
2491,1.741
2495,1.752
2499,1.727
2503,1.743
2506,1.728
2510,1.69
2514,1.713
2518,1.735
2522,1.763
2526,1.768
2530,1.765
2534,1.697
2538,1.712
2542,1.714
2546,1.766
2550,1.734
2554,1.804
2558,1.734
2562,1.736
2566,1.712
2570,1.733
2574,1.729
2583,1.746
2588,1.757
2592,1.738
2596,1.733
2600,1.716
2604,1.748
2608,1.762
2612,1.766
2616,1.781
2620,1.75
2624,1.724
2628,1.734
2632,1.763
2636,1.721
2640,1.754
2644,1.761
2648,1.742
2652,1.756
2656,1.768
2659,1.721
2663,1.727
2668,1.754
2672,1.718
2675,1.72
2679,1.733
2683,1.731
2687,1.744
2691,1.773
2695,1.725
2699,1.717
2703,1.765
2713,1.761
2717,1.717
2721,1.76
2724,1.762
2728,1.763
2732,1.745
2736,1.753
2739,1.757
2743,1.767
2747,1.716
2750,1.748
2754,1.777
2758,1.716
2761,1.754
2765,1.792
2769,1.742
2773,1.744
2776,1.759
2780,1.731
2784,1.795
2788,1.742
2792,1.741
2795,1.766
2799,1.73
2803,1.721
2807,1.769
2810,1.74
2814,1.694
2818,1.743
2822,1.732
2825,1.729
2834,1.745
2839,1.742
2842,1.729
2846,1.761
2850,1.736
2854,1.713
2858,1.736
2862,1.771
2866,1.708
2870,1.745
2874,1.796
2878,1.749
2882,1.769
2886,1.747
2890,1.704
2894,1.733
2898,1.762
2902,1.725
2906,1.76
2910,1.75
2914,1.712
2918,1.766
2922,1.735
2926,1.738
2930,1.779
2934,1.745
2939,1.744
2943,1.744
2947,1.742
2950,1.714
2955,1.734
2964,1.725
2969,1.745
2973,1.79
2977,1.772
2981,1.733
2985,1.718
2989,1.712
2993,1.785
2997,1.745
3001,1.725
3005,1.726
3009,1.741
3013,1.757
3017,1.754
3021,1.734
3025,1.712
3029,1.75
3033,1.755
3037,1.76
3041,1.741
3045,1.751
3049,1.75
3053,1.73
3057,1.697
3062,1.725
3065,1.729
3069,1.767
3074,1.775
3078,1.77
3082,1.74
3085,1.716
3095,1.734
3100,1.76
3104,1.75
3108,1.761
3112,1.742
3116,1.707
3120,1.694
3124,1.716
3128,1.692
3132,1.728
3136,1.729
3140,1.728
3144,1.725
3148,1.734
3152,1.745
3156,1.721
3160,1.732
3164,1.71
3168,1.723
3172,1.749
3176,1.784
3180,1.8
3184,1.745
3188,1.759
3192,1.752
3197,1.731
3201,1.707
3205,1.736
3209,1.74
3213,1.713
3217,1.731
3227,1.766
3232,1.692
3236,1.736
3240,1.752
3244,1.723
3248,1.73
3252,1.77
3256,1.772
3260,1.723
3265,1.763
3269,1.726
3273,1.725
3277,1.785
3281,1.74
3285,1.709
3289,1.735
3293,1.758
3297,1.717
3301,1.741
3305,1.747
3309,1.718
3313,1.776
3317,1.718
3321,1.712
3325,1.758
3329,1.753
3333,1.738
3337,1.79
3341,1.732
3345,1.71
3349,1.775
3370,1.752
3418,1.712
3422,1.782
3426,1.773
3429,1.713
3433,1.744
3437,1.752
3441,1.704
3445,1.744
3449,1.77
3453,1.721
3456,1.745
3460,1.747
3464,1.732
3468,1.729
3472,1.76
3476,1.737
3480,1.756
3484,1.733
3488,1.71
3492,1.752
3496,1.729
3500,1.786
3504,1.737
3509,1.7
3513,1.789
3517,1.736
3521,1.741
3525,1.776
3529,1.743
3533,1.75
3537,1.75
3548,1.719
3552,1.772
3556,1.719
3560,1.746
3564,1.777
3568,1.71
3572,1.78
3577,1.718
3581,1.699
3585,1.789
3589,1.704
3593,1.743
3597,1.739
3601,1.737
3605,1.746
3609,1.746
3613,1.775
3617,1.743
3621,1.705
3625,1.748
3629,1.765
3633,1.748
3637,1.756
3641,1.721
3645,1.741
3649,1.725
3653,1.73
3657,1.758
3661,1.729
3665,1.775
3669,1.729
3679,1.729
3683,1.771
3687,1.772
3691,1.76
3695,1.799
3699,1.744
3703,1.733
3707,1.742
3711,1.74
3715,1.737
3719,1.754
3723,1.747
3727,1.743
3731,1.791
3735,1.758
3739,1.776
3743,1.786
3747,1.739
3751,1.713
3755,1.72
3759,1.766
3763,1.799
3767,1.784
3771,1.743
3775,1.767
3779,1.764
3783,1.72
3787,1.732
3792,1.775
3796,1.789
3800,1.721
3810,1.725
3814,1.72
3818,1.714
3822,1.759
3826,1.799
3830,1.745
3834,1.705
3838,1.74
3843,1.743
3847,1.755
3851,1.704
3855,1.727
3859,1.699
3863,1.756
3867,1.749
3871,1.715
3876,1.718
3880,1.714
3884,1.736
3888,1.756
3892,1.7
3896,1.726
3900,1.747
3904,1.74
3909,1.783
3912,1.793
3916,1.73
3920,1.72
3924,1.738
3928,1.736
3932,1.783
3941,1.754
3946,1.721
3949,1.733
3953,1.781
3957,1.795
3961,1.69
3965,1.728
3969,1.764
3972,1.777
3976,1.754
3980,1.748
3984,1.766
3988,1.747
3992,1.751
3996,1.774
4000,1.743
4004,1.712
4008,1.756
4012,1.778
4015,1.719
4019,1.726
4023,1.745
4027,1.776
4031,1.737
4035,1.74
4039,1.758
4043,1.728
4046,1.754
4051,1.75
4055,1.753
4059,1.749
4065,1.711
4070,1.774
4074,1.776
4078,1.73
4082,1.706
4087,1.739
4091,1.752
4095,1.734
4099,1.719
4103,1.757
4108,1.754
4112,1.784
4116,1.725
4120,1.715
4124,1.75
4128,1.779
4132,1.768
4136,1.741
4141,1.704
4145,1.739
4149,1.77
4153,1.745
4157,1.746
4161,1.744
4165,1.754
4169,1.745
4174,1.759
4178,1.755
4182,1.71
4186,1.727
4190,1.768
4199,1.749
4203,1.733
4207,1.741
4211,1.739
4215,1.738
4219,1.779
4223,1.75
4227,1.689
4231,1.734
4235,1.739
4239,1.737
4243,1.726
4247,1.722
4251,1.791
4255,1.737
4259,1.778
4263,1.755
4267,1.752
4271,1.728
4275,1.72
4278,1.751
4282,1.781
4286,1.778
4290,1.754
4294,1.737
4298,1.721
4302,1.719
4306,1.755
4310,1.761
4314,1.75
4318,1.727
4328,1.742
4332,1.733
4336,1.735
4340,1.748
4344,1.763
4348,1.77
4352,1.744
4356,1.706
4360,1.723
4364,1.771
4368,1.783
4372,1.724
4376,1.718
4380,1.729
4383,1.745
4388,1.76
4392,1.774
4396,1.73
4399,1.703
4404,1.752
4408,1.764
4411,1.762
4415,1.741
4419,1.772
4423,1.759
4427,1.758
4431,1.733
4435,1.715
4439,1.76
4443,1.739
4447,1.74
4457,1.692
4461,1.745
4465,1.754
4469,1.769
4473,1.7
4477,1.722
4481,1.762
4485,1.738
4489,1.725
4493,1.751
4497,1.774
4501,1.73
4504,1.704
4508,1.741
4512,1.713
4516,1.747
4520,1.754
4524,1.697
4528,1.718
4531,1.747
4535,1.803
4539,1.733
4543,1.716
4547,1.758
4551,1.77
4555,1.71
4559,1.736
4562,1.717
4566,1.748
4570,1.707
4573,1.745
4580,1.745
4584,1.765
4588,1.745
4591,1.716
4595,1.723
4599,1.753
4603,1.756
4607,1.753
4611,1.752
4615,1.758
4618,1.776
4622,1.725
4626,1.721
4631,1.791
4635,1.766
4639,1.74
4681,1.726
4686,1.735
4689,1.757
4693,1.761
4697,1.721
4701,1.758
4705,1.774
4709,1.761
4713,1.717
4717,1.725
4721,1.748
4725,1.742
4729,1.744
4733,1.763
4737,1.725
4741,1.708
4745,1.734
4749,1.761
4753,1.664
4757,1.704
4761,1.751
4765,1.725
4769,1.737
4773,1.737
4777,1.742
4781,1.741
4785,1.725
4789,1.718
4793,1.77
4797,1.721
4801,1.726
4808,1.745
4812,1.762
4816,1.706
4820,1.754
4824,1.75
4828,1.719
4832,1.731
4836,1.741
4840,1.773
4844,1.712
4848,1.755
4852,1.732
4855,1.726
4859,1.748
4863,1.741
4867,1.754
4871,1.754
4875,1.726
4879,1.78
4883,1.746
4887,1.759
4891,1.741
4895,1.729
4899,1.766
4903,1.759
4907,1.721
4911,1.738
4915,1.745
4919,1.77
4923,1.758
4927,1.748
4934,1.725
4939,1.725
4943,1.735
4947,1.739
4951,1.749
4955,1.742
4959,1.75
4963,1.733
4967,1.725
4971,1.745
4975,1.75
4979,1.754
4983,1.744
4987,1.731
4991,1.744
4995,1.76
4999,1.741
5003,1.705
5007,1.768
5012,1.753
5016,1.739
5020,1.725
5024,1.768
5028,1.775
5032,1.762
5036,1.737
5040,1.744
5044,1.756
5048,1.761
5052,1.741
5056,1.736
5063,1.77
5067,1.769
5071,1.77
5075,1.753
5079,1.764
5083,1.771
5086,1.733
5090,1.724
5094,1.75
5097,1.754
5101,1.732
5105,1.737
5109,1.753
5112,1.758
5116,1.701
5120,1.735
5123,1.816
5127,1.745
5131,1.705
5134,1.774
5138,1.762
5143,1.741
5146,1.708
5150,1.795
5154,1.764
5158,1.77
5161,1.717
5165,1.754
5169,1.756
5173,1.762
5177,1.707
5184,1.724
5189,1.758
5193,1.757
5196,1.733
5200,1.725
5204,1.722
5208,1.771
5211,1.75
5216,1.709
5220,1.739
5223,1.75
5227,1.801
5232,1.732
5236,1.725
5240,1.762
5244,1.759
5248,1.723
5252,1.74
5256,1.729
5260,1.765
5264,1.729
5268,1.733
5272,1.754
5276,1.781
5280,1.745
5284,1.716
5288,1.719
5292,1.739
5296,1.741
5301,1.726
5305,1.741
5312,1.77
5316,1.717
5320,1.754
5324,1.759
5328,1.738
5332,1.742
5336,1.75
5340,1.753
5344,1.744
5348,1.714
5352,1.762
5356,1.736
5360,1.725
5364,1.713
5368,1.767
5372,1.758
5376,1.72
5380,1.75
5384,1.778
5388,1.773
5392,1.712
5396,1.707
5401,1.743
5404,1.707
5408,1.73
5412,1.724
5417,1.725
5420,1.731
5424,1.729
5429,1.731
5433,1.732
5440,1.755
5445,1.771
5449,1.737
5453,1.743
5457,1.73
5461,1.737
5465,1.727
5469,1.741
5473,1.751
5477,1.783
5481,1.737
5485,1.74
5489,1.712
5493,1.729
5497,1.753
5501,1.76
5505,1.747
5509,1.752
5513,1.756
5517,1.761
5521,1.751
5525,1.754
5529,1.762
5533,1.771
5537,1.737
5541,1.776
5545,1.748
5549,1.727
5553,1.706
5557,1.779
5561,1.746
5569,1.743
5573,1.725
5577,1.717
5581,1.749
5585,1.735
5589,1.758
5593,1.755
5597,1.722
5601,1.725
5605,1.749
5609,1.799
5613,1.741
5617,1.692
5621,1.71
5625,1.755
5629,1.764
5633,1.762
5637,1.737
5641,1.696
5645,1.726
5648,1.705
5652,1.763
5656,1.735
5660,1.712
5664,1.737
5668,1.78
5672,1.733
5676,1.705
5680,1.721
5684,1.735
5687,1.782
5695,1.753
5700,1.73
5704,1.749
5708,1.743
5712,1.755
5716,1.812
5719,1.75
5723,1.747
5727,1.714
5731,1.728
5735,1.72
5738,1.775
5742,1.779
5746,1.748
5750,1.708
5753,1.725
5757,1.763
5761,1.753
5765,1.75
5769,1.747
5773,1.696
5777,1.75
5781,1.712
5785,1.745
5789,1.783
5793,1.744
5797,1.75
5801,1.709
5805,1.744
5809,1.763
5813,1.769
5820,1.74
5824,1.717
5828,1.733
5832,1.734
5836,1.775
5841,1.738
5845,1.703
5849,1.75
5853,1.758
5857,1.774
5861,1.765
5865,1.741
5869,1.712
5873,1.758
5877,1.781
5881,1.779
5885,1.75
5889,1.723
5893,1.725
5897,1.73
5901,1.754
5905,1.752
5909,1.688
5913,1.75
5917,1.781
5921,1.769
5925,1.737
5929,1.686
5933,1.769
5938,1.764
5942,1.771
5950,1.718
5954,1.706
5959,1.746
5963,1.75
5966,1.75
5971,1.762
5975,1.769
5979,1.782
5983,1.756
5987,1.743
5991,1.729
5995,1.75
5998,1.715
6002,1.737
6006,1.75
6010,1.75
6014,1.764
6018,1.764
6022,1.722
6026,1.725
6030,1.777
6034,1.754
6038,1.758
6042,1.753
6046,1.752
6050,1.758
6054,1.741
6058,1.748
6062,1.743
6066,1.734
6070,1.728
6077,1.739
6081,1.729
6085,1.77
6089,1.758
6093,1.764
6097,1.729
6101,1.711
6105,1.716
6109,1.762
6113,1.745
6117,1.714
6121,1.754
6125,1.744
6129,1.754
6133,1.734
6137,1.735
6141,1.716
6145,1.761
6149,1.746
6153,1.743
6157,1.719
6161,1.775
6165,1.717
6169,1.748
6173,1.756
6177,1.789
6181,1.712
6185,1.753
6189,1.778
6192,1.797
6196,1.773
6204,1.712
6208,1.736
6212,1.797
6215,1.764
6219,1.7
6223,1.729
6227,1.766
6230,1.704
6234,1.762
6238,1.748
6241,1.75
6245,1.721
6249,1.711
6252,1.753
6256,1.757
6263,1.741
6267,1.728
6270,1.742
6274,1.768
6278,1.746
6282,1.721
6285,1.721
6289,1.739
6293,1.734
6296,1.77
6300,1.745
6304,1.776
6308,1.729
6311,1.716
6315,1.732
6321,1.724
6325,1.754
6328,1.725
6332,1.727
6336,1.732
6340,1.781
6344,1.72
6348,1.714
6352,1.774
6356,1.75
6360,1.711
6364,1.723
6368,1.742
6372,1.75
6376,1.734
6380,1.738
6384,1.785
6388,1.755
6392,1.71
6396,1.754
6400,1.777
6404,1.697
6408,1.745
6412,1.76
6416,1.703
6420,1.772
6424,1.745
6428,1.726
6432,1.716
6436,1.735
6440,1.756
6446,1.739
6450,1.768
6454,1.707
6458,1.796
6462,1.795
6466,1.712
6470,1.766
6474,1.746
6478,1.704
6482,1.787
6486,1.734
6490,1.707
6494,1.744
6498,1.746
6502,1.713
6506,1.757
6510,1.746
6514,1.782
6518,1.725
6522,1.775
6525,1.745
6529,1.805
6533,1.714
6537,1.716
6541,1.763
6545,1.721
6549,1.746
6553,1.75
6557,1.778
6561,1.741
6565,1.772
6573,1.751
6578,1.774
6582,1.72
6586,1.734
6589,1.743
6593,1.748
6597,1.779
6601,1.748
6605,1.787
6609,1.755
6613,1.692
6617,1.72
6621,1.741
6625,1.778
6629,1.757
6633,1.767
6637,1.752
6641,1.749
6645,1.7
6649,1.691
6653,1.736
6657,1.742
6661,1.743
6665,1.783
6669,1.72
6673,1.734
6677,1.753
6681,1.723
6685,1.754
6689,1.778
6693,1.716
6701,1.757
6705,1.741
6709,1.739
6713,1.768
6717,1.724
6721,1.752
6725,1.748
6729,1.707
6733,1.729
6737,1.758
6741,1.79
6745,1.815
6749,1.755
6753,1.718
6757,1.737
6761,1.74
6765,1.742
6769,1.714
6773,1.675
6777,1.758
6781,1.797
6785,1.724
6789,1.687
6793,1.75
6797,1.765
6801,1.722
6805,1.767
6809,1.708
6813,1.745
6817,1.762
6820,1.736
6842,1.733
6847,1.716
6851,1.756
6855,1.793
6859,1.778
6862,1.744
6866,1.716
6870,1.745
6873,1.745
6877,1.755
6881,1.73
6885,1.733
6889,1.774
6892,1.728
6896,1.781
6900,1.718
6904,1.766
6908,1.766
6912,1.769
6916,1.737
6920,1.722
6924,1.754
6928,1.749
6933,1.776
6937,1.73
6941,1.748
6945,1.734
6949,1.742
6953,1.704
6957,1.758
6961,1.782
6970,1.749
6975,1.739
6979,1.742
6983,1.766
6987,1.739
6992,1.743
6996,1.786
7000,1.766
7004,1.739
7008,1.737
7012,1.776
7016,1.755
7020,1.707
7024,1.752
7028,1.769
7032,1.726
7037,1.721
7041,1.782
7045,1.709
7049,1.732
7053,1.754
7057,1.73
7061,1.741
7065,1.761
7069,1.753
7074,1.686
7078,1.727
7082,1.777
7086,1.755
7090,1.729
7094,1.789
7103,1.79
7108,1.776
7112,1.738
7116,1.725
7120,1.734
7125,1.762
7129,1.779
7133,1.751
7137,1.704
7141,1.737
7145,1.748
7150,1.741
7154,1.695
7158,1.735
7162,1.779
7166,1.75
7170,1.7
7174,1.69
7179,1.735
7183,1.799
7187,1.759
7191,1.744
7195,1.735
7199,1.738
7203,1.741
7208,1.712
7212,1.765
7216,1.748
7220,1.756
7224,1.734
7228,1.7
7237,1.695
7243,1.726
7247,1.791
7251,1.704
7255,1.754
7260,1.737
7264,1.704
7268,1.776
7273,1.692
7277,1.748
7281,1.786
7285,1.7
7289,1.795
7294,1.733
7298,1.739
7302,1.715
7306,1.741
7310,1.697
7315,1.745
7319,1.745
7323,1.707
7327,1.77
7331,1.776
7335,1.728
7339,1.775
7343,1.758
7347,1.7
7351,1.711
7354,1.698
7358,1.794
7362,1.804
7371,1.736
7376,1.741
7380,1.766
7383,1.775
7387,1.755
7391,1.73
7395,1.695
7399,1.712
7403,1.731
7406,1.749
7411,1.75
7414,1.753
7418,1.724
7422,1.685
7426,1.749
7430,1.76
7434,1.734
7437,1.735
7441,1.728
7445,1.721
7449,1.779
7453,1.772
7456,1.762
7460,1.717
7464,1.726
7468,1.763
7472,1.743
7476,1.733
7480,1.729
7484,1.733
7488,1.714
7497,1.763
7502,1.758
7506,1.756
7511,1.729
7515,1.721
7519,1.754
7523,1.76
7527,1.741
7531,1.759
7535,1.759
7540,1.715
7544,1.743
7548,1.783
7552,1.783
7556,1.75
7560,1.721
7564,1.733
7569,1.793
7573,1.754
7577,1.741
7581,1.724
7585,1.738
7589,1.789
7593,1.766
7597,1.754
7602,1.748
7606,1.731
7610,1.726
7614,1.784
7618,1.752
7622,1.688
7631,1.719
7636,1.751
7640,1.741
7645,1.752
7649,1.707
7653,1.759
7657,1.729
7661,1.747
7665,1.732
7669,1.721
7673,1.766
7677,1.753
7681,1.76
7686,1.733
7690,1.724
7694,1.733
7698,1.75
7702,1.775
7706,1.712
7710,1.712
7714,1.727
7718,1.758
7723,1.753
7727,1.769
7731,1.743
7735,1.739
7739,1.741
7743,1.756
7747,1.731
7751,1.725
7755,1.717
7764,1.715
7769,1.754
7773,1.772
7778,1.78
7782,1.733
7786,1.727
7790,1.723
7795,1.725
7799,1.725
7803,1.732
7807,1.76
7811,1.745
7815,1.721
7819,1.741
7824,1.753
7828,1.732
7832,1.708
7836,1.754
7841,1.759
7845,1.748
7849,1.738
7853,1.732
7857,1.763
7861,1.758
7866,1.757
7870,1.754
7874,1.7
7878,1.738
7882,1.741
7886,1.783
7890,1.741
7899,1.719
7905,1.699
7909,1.725
7913,1.778
7917,1.775
7921,1.721
7925,1.715
7929,1.76
7933,1.769
7937,1.747
7940,1.743
7944,1.719
7948,1.732
7952,1.747
7956,1.776
7960,1.728
7964,1.697
7967,1.721
7971,1.779
7975,1.764
7979,1.735
7983,1.745
7987,1.754
7991,1.721
7994,1.737
7998,1.759
8002,1.75
8005,1.721
8009,1.727
8013,1.741
8016,1.766
8025,1.7
8030,1.737
8034,1.722
8037,1.792
8041,1.776
8045,1.739
8048,1.734
8052,1.731
8056,1.752
8060,1.779
8064,1.72
8068,1.729
8072,1.744
8076,1.737
8080,1.708
8084,1.775
8088,1.754
8092,1.7
8096,1.712
8100,1.745
8104,1.775
8108,1.758
8112,1.738
8116,1.75
8120,1.77
8124,1.745
8127,1.731
8131,1.718
8135,1.753
8139,1.762
8143,1.743
8152,1.733
8157,1.781
8161,1.769
8165,1.761
8169,1.709
8173,1.767
8177,1.775
8181,1.766
8185,1.729
8189,1.756
8193,1.779
8197,1.795
8201,1.749
8205,1.732
8209,1.752
8213,1.77
8217,1.705
8221,1.766
8225,1.808
8229,1.792
8233,1.729
8237,1.737
8241,1.744
8245,1.778
8249,1.729
8253,1.73
8257,1.727
8261,1.745
8265,1.777
8269,1.731
8273,1.775
8281,1.762
8287,1.709
8291,1.738
8295,1.779
8299,1.752
8303,1.762
8307,1.721
8311,1.712
8314,1.72
8319,1.759
8323,1.745
8327,1.716
8331,1.758
8335,1.76
8339,1.77
8344,1.74
8348,1.741
8352,1.77
8356,1.768
8360,1.714
8364,1.704
8368,1.74
8373,1.766
8377,1.767
8381,1.751
8418,1.726
8423,1.722
8427,1.746
8431,1.766
8435,1.782
8439,1.743
8443,1.721
8447,1.744
8451,1.728
8455,1.725
8459,1.719
8463,1.763
8467,1.75
8471,1.737
8475,1.731
8479,1.734
8483,1.736
8487,1.732
8491,1.74
8495,1.781
8499,1.746
8503,1.72
8507,1.758
8511,1.754
8514,1.734
8518,1.752
8522,1.754
8525,1.721
8529,1.748
8533,1.752
8536,1.723
8545,1.732
8550,1.772
8554,1.749
8557,1.735
8561,1.706
8565,1.776
8569,1.744
8572,1.741
8576,1.729
8579,1.744
8584,1.712
8587,1.714
8591,1.736
8595,1.73
8599,1.733
8602,1.768
8606,1.776
8610,1.741
8613,1.733
8617,1.756
8621,1.729
8625,1.74
8628,1.774
8632,1.783
8636,1.72
8639,1.744
8643,1.746
8647,1.752
8651,1.766
8655,1.744
8659,1.695
8667,1.7
8673,1.754
8677,1.791
8681,1.758
8685,1.708
8689,1.745
8693,1.737
8697,1.775
8701,1.741
8704,1.73
8709,1.737
8713,1.788
8717,1.733
8721,1.735
8725,1.737
8729,1.721
8733,1.783
8736,1.728
8741,1.766
8745,1.754
8749,1.754
8753,1.72
8757,1.737
8761,1.744
8765,1.784
8769,1.732
8773,1.756
8777,1.755
8781,1.751
8785,1.677
8789,1.757
8797,1.78
8803,1.791
8807,1.752
8811,1.722
8815,1.764
8819,1.775
8822,1.741
8826,1.714
8830,1.73
8834,1.766
8838,1.734
8842,1.725
8847,1.727
8850,1.703
8854,1.716
8858,1.758
8862,1.775
8866,1.795
8870,1.741
8874,1.745
8878,1.743
8882,1.719
8886,1.763
8890,1.725
8894,1.734
8898,1.7
8902,1.731
8906,1.759
8910,1.766
8914,1.781
8918,1.747
8927,1.723
8932,1.722
8936,1.744
8940,1.752
8944,1.779
8949,1.753
8952,1.725
8956,1.722
8961,1.721
8965,1.748
8969,1.747
8973,1.766
8977,1.739
8981,1.729
8985,1.732
8989,1.761
8993,1.742
8997,1.679
9001,1.7
9005,1.737
9009,1.737
9013,1.731
9017,1.747
9021,1.747
9025,1.695
9030,1.736
9034,1.75
9037,1.729
9042,1.731
9046,1.759
9050,1.764
9058,1.739
9064,1.725
9068,1.753
9072,1.746
9076,1.733
9080,1.743
9084,1.765
9088,1.772
9092,1.729
9096,1.766
9100,1.746
9103,1.794
9107,1.716
9111,1.773
9115,1.749
9119,1.775
9123,1.75
9127,1.761
9131,1.786
9135,1.713
9139,1.743
9143,1.78
9147,1.737
9151,1.747
9154,1.758
9158,1.768
9162,1.75
9166,1.731
9169,1.709
9173,1.747
9177,1.799
9185,1.75
9190,1.717
9194,1.737
9198,1.74
9202,1.721
9205,1.727
9209,1.766
9213,1.73
9216,1.752
9220,1.721
9224,1.717
9228,1.729
9232,1.754
9236,1.747
9240,1.721
9244,1.726
9248,1.711
9252,1.752
9256,1.776
9260,1.703
9264,1.744
9268,1.721
9273,1.746
9277,1.745
9280,1.749
9284,1.709
9288,1.731
9292,1.754
9296,1.758
9300,1.745
9304,1.736
9313,1.752
9318,1.754
9322,1.744
9326,1.733
9330,1.689
9334,1.716
9338,1.761
9343,1.749
9347,1.776
9351,1.738
9355,1.72
9359,1.731
9363,1.741
9366,1.78
9370,1.734
9375,1.717
9379,1.735
9383,1.775
9386,1.772
9391,1.719
9394,1.694
9398,1.736
9402,1.758
9406,1.741
9410,1.786
9414,1.75
9418,1.757
9422,1.76
9427,1.73
9430,1.724
9434,1.708
9443,1.737
9449,1.758
9452,1.768
9456,1.758
9461,1.74
9464,1.702
9468,1.722
9472,1.754
9477,1.762
9481,1.783
9484,1.745
9489,1.74
9493,1.743
9497,1.724
9501,1.744
9505,1.756
9509,1.74
9513,1.754
9517,1.7
9521,1.742
9525,1.732
9529,1.744
9533,1.714
9537,1.685
9541,1.706
9545,1.735
9549,1.745
9553,1.751
9557,1.714
9561,1.725
9565,1.697
9574,1.783
9579,1.778
9583,1.73
9587,1.729
9591,1.729
9595,1.766
9599,1.75
9603,1.761
9607,1.741
9612,1.733
9616,1.758
9620,1.783
9624,1.783
9628,1.745
9632,1.733
9636,1.714
9640,1.764
9644,1.779
9648,1.749
9651,1.741
9655,1.773
9659,1.801
9663,1.764
9667,1.73
9670,1.721
9674,1.764
9678,1.755
9682,1.79
9686,1.726
9690,1.692
9693,1.707
9701,1.737
9707,1.769
9711,1.745
9714,1.766
9718,1.72
9722,1.741
9726,1.783
9730,1.777
9734,1.737
9737,1.745
9741,1.743
9745,1.746
9748,1.741
9752,1.758
9756,1.737
9760,1.731
9763,1.71
9767,1.767
9771,1.773
9774,1.747
9778,1.747
9782,1.715
9786,1.746
9790,1.731
9794,1.744
9798,1.727
9802,1.729
9806,1.722
9810,1.736
9814,1.739
9818,1.754
9826,1.76
9831,1.729
9836,1.763
9840,1.746
9843,1.749
9847,1.691
9851,1.77
9855,1.744
9859,1.734
9863,1.729
9867,1.768
9871,1.783
9875,1.741
9879,1.711
9883,1.74
9887,1.699
9891,1.768
9895,1.733
9899,1.732
9903,1.754
9907,1.757
9911,1.754
9915,1.697
9919,1.758
9923,1.754
9927,1.755
9931,1.733
9935,1.746
9939,1.792
9943,1.734
9947,1.722
9955,1.747
9961,1.795
9965,1.783
9969,1.726
9973,1.739
9977,1.727
9981,1.734
9985,1.732
9989,1.755
9992,1.758
9996,1.734
10000,1.741
10004,1.717
10008,1.764
10012,1.793
10016,1.757
10020,1.751
10024,1.777
10028,1.729
10032,1.767
10036,1.745
10040,1.736
10044,1.737
10048,1.725
10052,1.728
10056,1.75
10060,1.737
10064,1.743
10068,1.733
10072,1.701
10075,1.716
10084,1.739
10089,1.765
10093,1.756
10097,1.75
10101,1.77
10105,1.734
10109,1.725
10113,1.75
10117,1.76
10121,1.763
10125,1.731
10129,1.726
10133,1.72
10137,1.747
10141,1.73
10145,1.724
10149,1.766
10153,1.779
10157,1.746
10161,1.789
10165,1.729
10169,1.74
10173,1.745
10177,1.737
10181,1.7
10185,1.738
10189,1.729
10193,1.739
10197,1.745
10201,1.775
10205,1.758
10213,1.712
10218,1.79
10222,1.775
10226,1.75
10230,1.752
10234,1.758
10238,1.73
10242,1.704
10245,1.787
10249,1.737
10253,1.791
10257,1.791
10261,1.711
10265,1.749
10269,1.749
10273,1.734
10276,1.714
10280,1.77
10284,1.794
10287,1.7
10291,1.74
10295,1.745
10299,1.713
10302,1.77
10306,1.713
10310,1.801
10313,1.766
10317,1.724
10321,1.754
10325,1.725
10328,1.745
10336,1.75
10342,1.755
10346,1.712
10350,1.779
10354,1.781
10358,1.714
10362,1.754
10366,1.737
10370,1.755
10374,1.722
10378,1.755
10382,1.729
10386,1.755
10390,1.766
10394,1.739
10398,1.701
10402,1.786
10406,1.692
10410,1.768
10414,1.715
10418,1.692
10422,1.798
10426,1.718
10430,1.736
10434,1.764
10438,1.774
10442,1.713
10446,1.75
10450,1.734
10454,1.764
10458,1.72
10467,1.767
10472,1.743
10476,1.729
10480,1.757
10484,1.779
10488,1.74
10492,1.721
10496,1.779
10500,1.754
10504,1.727
10508,1.77
10512,1.725
10516,1.754
10520,1.746
10524,1.718
10528,1.75
10532,1.783
10536,1.77
10540,1.701
10544,1.724
10548,1.747
10552,1.762
10556,1.762
10561,1.719
10565,1.733
10569,1.728
10572,1.713
10577,1.763
10581,1.75
10584,1.735
10589,1.739
10597,1.709
10603,1.733
10607,1.716
10611,1.78
10615,1.728
10619,1.716
10623,1.728
10627,1.69
10631,1.741
10635,1.766
10639,1.77
10643,1.724
10647,1.698
10651,1.716
10655,1.755
10659,1.75
10663,1.776
10667,1.773
10671,1.76
10676,1.754
10680,1.716
10684,1.735
10688,1.745
10692,1.737
10696,1.75
10700,1.767
10704,1.737
10708,1.756
10713,1.773
10717,1.725
10721,1.734
10729,1.78
10735,1.687
10739,1.75
10743,1.775
10747,1.711
10751,1.786
10755,1.744
10759,1.737
10763,1.811
10766,1.725
10770,1.719
10774,1.772
10778,1.741
10782,1.712
10786,1.772
10790,1.779
10793,1.759
10797,1.761
10801,1.713
10805,1.748
10809,1.73
10813,1.72
10820,1.795
10824,1.716
10828,1.715
10831,1.754
10835,1.731
10839,1.704
10843,1.785
10847,1.74
10853,1.714
10857,1.77
10861,1.742
10865,1.728
10869,1.746
10872,1.723
10876,1.721
10880,1.774
10884,1.75
10888,1.729
10892,1.763
10896,1.719
10900,1.713
10905,1.782
10909,1.73
10913,1.751
10917,1.758
10921,1.744
10925,1.774
10929,1.735
10933,1.75
10938,1.752
10942,1.733
10946,1.73
10950,1.755
10954,1.728
10959,1.731
10963,1.75
10967,1.732
10971,1.715
10975,1.697
10983,1.76
10988,1.762
10992,1.722
10997,1.758
11001,1.707
11005,1.745
11009,1.731
11013,1.749
11017,1.77
11021,1.747
11026,1.724
11030,1.77
11034,1.7
11038,1.754
11042,1.766
11046,1.709
11050,1.746
11054,1.749
11059,1.704
11063,1.768
11067,1.75
11071,1.754
11075,1.735
11079,1.754
11083,1.747
11087,1.793
11091,1.73
11095,1.709
11099,1.746
11103,1.763
11107,1.742
11115,1.715
11120,1.748
11124,1.748
11128,1.736
11132,1.756
11136,1.741
11140,1.804
11144,1.742
11148,1.731
11152,1.745
11156,1.733
11160,1.73
11164,1.768
11168,1.743
11172,1.722
11176,1.723
11180,1.729
11184,1.77
11188,1.754
11192,1.759
11196,1.725
11200,1.757
11204,1.74
11208,1.762
11213,1.772
11217,1.772
11221,1.716
11225,1.729
11229,1.725
11233,1.718
11237,1.76
11245,1.78
11251,1.736
11255,1.684
11259,1.729
11263,1.795
11267,1.756
11271,1.705
11275,1.687
11280,1.696
11284,1.781
11288,1.775
11292,1.757
11296,1.727
11300,1.745
11304,1.746
11308,1.726
11312,1.73
11316,1.701
11320,1.743
11323,1.775
11328,1.75
11332,1.733
11336,1.728
11339,1.729
11344,1.745
11348,1.762
11352,1.758
11355,1.762
11360,1.729
11364,1.775
11368,1.764
11376,1.752
11382,1.724
11385,1.791
11389,1.779
11393,1.748
11397,1.695
11401,1.725
11405,1.733
11408,1.787
11412,1.737
11416,1.689
11420,1.75
11424,1.764
11428,1.747
11432,1.723
11436,1.723
11439,1.752
11443,1.725
11447,1.729
11452,1.714
11456,1.754
11460,1.727
11464,1.733
11468,1.732
11472,1.728
11476,1.762
11480,1.733
11485,1.704
11489,1.738
11493,1.791
11497,1.731
11506,1.744
11511,1.785
11515,1.745
11520,1.733
11524,1.754
11528,1.747
11532,1.754
11536,1.783
11540,1.775
11545,1.757
11549,1.755
11553,1.752
11557,1.798
11561,1.733
11566,1.771
11570,1.807
11574,1.75
11578,1.781
11582,1.716
11586,1.754
11591,1.731
11595,1.779
11599,1.773
11603,1.716
11607,1.716
11611,1.732
11615,1.755
11619,1.745
11624,1.729
11628,1.729
11632,1.745
11640,1.766
11646,1.754
11650,1.749
11654,1.704
11659,1.728
11662,1.745
11666,1.778
11670,1.74
11674,1.717
11678,1.737
11682,1.771
11686,1.808
11690,1.738
11694,1.736
11698,1.726
11702,1.745
11706,1.741
11710,1.732
11714,1.777
11718,1.789
11722,1.761
11725,1.739
11729,1.717
11733,1.721
11737,1.753
11741,1.772
11745,1.774
11749,1.749
11753,1.71
11757,1.732
11761,1.737
11770,1.717
11775,1.76
11779,1.756
11783,1.736
11787,1.706
11791,1.721
11795,1.705
11799,1.737
11803,1.755
11807,1.748
11811,1.733
11815,1.721
11819,1.71
11823,1.743
11827,1.692
11831,1.767
11835,1.721
11839,1.768
11843,1.754
11847,1.716
11851,1.718
11855,1.724
11859,1.738
11863,1.778
11866,1.745
11870,1.71
11874,1.708
11877,1.755
11881,1.737
11885,1.725
11889,1.708
11897,1.746
11902,1.761
11906,1.721
11910,1.738
11913,1.725
11917,1.729
11921,1.726
11924,1.73
11928,1.753
11932,1.734
11936,1.742
11940,1.726
11943,1.779
11947,1.783
11951,1.74
11954,1.769
11958,1.727
11962,1.731
11966,1.725
11969,1.751
11973,1.708
11977,1.76
11981,1.763
11984,1.741
11988,1.741
11992,1.742
11996,1.767
12000,1.734
12004,1.75
12008,1.702
12012,1.708
12020,1.73
12026,1.745
12030,1.74
12034,1.721
12038,1.731
12042,1.775
12046,1.776
12050,1.752
12054,1.7
12058,1.741
12063,1.782
12067,1.771
12071,1.74
12075,1.729
12079,1.776
12083,1.773
12087,1.737
12091,1.71
12095,1.752
12099,1.78
12103,1.756
12108,1.722
12112,1.747
12116,1.747
12120,1.754
12158,1.713
12162,1.762
12166,1.749
12170,1.727
12174,1.703
12178,1.754
12182,1.764
12186,1.728
12190,1.736
12194,1.733
12198,1.741
12202,1.73
12206,1.765
12210,1.759
12214,1.748
12218,1.695
12222,1.716
12226,1.76
12230,1.738
12234,1.721
12238,1.761
12242,1.748
12246,1.726
12249,1.733
12254,1.75
12258,1.696
12261,1.74
12265,1.783
12269,1.742
12273,1.722
12277,1.752
12287,1.748
12291,1.745
12295,1.73
12299,1.72
12303,1.751
12307,1.766
12311,1.744
12315,1.753
12319,1.785
12323,1.716
12327,1.763
12331,1.737
12335,1.733
12339,1.748
12343,1.758
12347,1.708
12351,1.732
12355,1.781
12359,1.795
12363,1.733
12367,1.712
12371,1.74
12375,1.741
12379,1.791
12383,1.751
12387,1.776
12391,1.741
12395,1.729
12399,1.765
12403,1.739
12407,1.767
12417,1.721
12421,1.732
12425,1.791
12429,1.791
12433,1.797
12437,1.745
12441,1.732
12445,1.753
12449,1.744
12452,1.713
12456,1.725
12460,1.741
12464,1.771
12468,1.724
12472,1.729
12476,1.765
12480,1.759
12483,1.696
12488,1.761
12492,1.733
12495,1.718
12499,1.763
12503,1.808
12507,1.737
12511,1.715
12515,1.796
12519,1.734
12523,1.721
12526,1.716
12530,1.766
12534,1.735
12542,1.729
12547,1.733
12551,1.776
12555,1.726
12558,1.738
12562,1.719
12566,1.749
12570,1.789
12573,1.777
12577,1.765
12581,1.725
12585,1.795
12589,1.76
12593,1.734
12597,1.713
12601,1.785
12605,1.717
12609,1.772
12613,1.731
12617,1.782
12622,1.78
12625,1.73
12629,1.72
12634,1.736
12638,1.779
12641,1.753
12646,1.696
12650,1.739
12654,1.77
12658,1.755
12662,1.717
12672,1.75
12676,1.787
12680,1.765
12684,1.711
12688,1.75
12692,1.742
12696,1.783
12700,1.73
12704,1.745
12708,1.77
12712,1.771
12716,1.741
12720,1.77
12724,1.764
12728,1.745
12732,1.736
12736,1.764
12740,1.75
12744,1.765
12748,1.707
12752,1.749
12756,1.736
12760,1.752
12764,1.744
12768,1.77
12772,1.726
12776,1.737
12780,1.742
12785,1.765
12789,1.773
12793,1.713
12803,1.766
12807,1.731
12811,1.736
12815,1.723
12819,1.745
12823,1.787
12827,1.784
12831,1.731
12835,1.722
12839,1.726
12843,1.737
12847,1.724
12851,1.715
12855,1.737
12859,1.735
12863,1.724
12867,1.722
12872,1.751
12876,1.726
12879,1.741
12884,1.754
12888,1.743
12892,1.72
12896,1.733
12900,1.75
12904,1.75
12908,1.747
12912,1.709
12916,1.757
12920,1.753
12925,1.741
12935,1.743
12939,1.744
12943,1.763
12947,1.77
12951,1.797
12955,1.744
12959,1.723
12963,1.721
12967,1.738
12971,1.768
12975,1.741
12979,1.74
12983,1.733
12987,1.752
12991,1.729
12995,1.745
12999,1.753
13002,1.741
13006,1.745
13010,1.761
13013,1.785
13017,1.761
13021,1.699
13025,1.733
13028,1.744
13032,1.764
13036,1.738
13040,1.714
13044,1.722
13047,1.767
13051,1.79
13062,1.729
13065,1.753
13069,1.725
13073,1.745
13077,1.763
13080,1.783
13084,1.775
13088,1.68
13092,1.725
13096,1.723
13099,1.793
13103,1.729
13107,1.763
13111,1.687
13115,1.754
13118,1.775
13122,1.766
13126,1.719
13130,1.727
13134,1.73
13138,1.77
13142,1.758
13146,1.745
13150,1.718
13154,1.731
13158,1.732
13162,1.766
13167,1.785
13171,1.775
13175,1.721
13179,1.754
13189,1.779
13193,1.747
13197,1.766
13201,1.716
13205,1.733
13209,1.719
13213,1.711
13217,1.754
13221,1.776
13225,1.782
13229,1.746
13233,1.698
13238,1.709
13242,1.732
13246,1.751
13250,1.77
13254,1.766
13258,1.674
13262,1.716
13266,1.745
13270,1.756
13274,1.733
13278,1.766
13282,1.752
13286,1.769
13290,1.739
13294,1.716
13298,1.727
13302,1.743
13306,1.787
13310,1.77
13320,1.727
13325,1.721
13329,1.741
13332,1.775
13337,1.75
13341,1.742
13345,1.721
13349,1.723
13353,1.797
13357,1.8
13361,1.737
13365,1.704
13369,1.733
13373,1.758
13377,1.795
13381,1.797
13385,1.772
13389,1.76
13393,1.737
13397,1.778
13401,1.778
13405,1.775
13409,1.743
13413,1.748
13417,1.703
13421,1.747
13425,1.776
13429,1.794
13434,1.756
13438,1.717
13442,1.71
13452,1.721
13456,1.744
13460,1.764
13464,1.771
13468,1.755
13472,1.73
13476,1.711
13480,1.724
13484,1.769
13488,1.763
13492,1.762
13496,1.736
13500,1.728
13504,1.733
13508,1.72
13512,1.739
13516,1.779
13520,1.758
13524,1.749
13528,1.721
13532,1.745
13536,1.742
13540,1.764
13544,1.737
13548,1.707
13552,1.744
13556,1.769
13559,1.775
13563,1.729
13567,1.7
13571,1.747
13579,1.741
13585,1.741
13589,1.698
13592,1.749
13596,1.77
13600,1.766
13604,1.731
13608,1.713
13612,1.753
13616,1.732
13619,1.75
13623,1.718
13627,1.744
13630,1.775
13634,1.736
13638,1.715
13642,1.702
13645,1.77
13649,1.68
13653,1.754
13656,1.754
13660,1.769
13664,1.709
13668,1.726
13671,1.715
13675,1.767
13679,1.759
13683,1.712
13687,1.725
13691,1.756
13695,1.746
13705,1.692
13709,1.717
13713,1.747
13717,1.754
13721,1.707
13725,1.722
13729,1.723
13733,1.751
13737,1.744
13741,1.744
13745,1.733
13749,1.733
13753,1.773
13757,1.772
13761,1.736
13765,1.747
13769,1.718
13773,1.762
13777,1.735
13781,1.753
13785,1.779
13789,1.737
13793,1.733
13797,1.745
13801,1.764
13805,1.747
13809,1.731
13812,1.763
13816,1.754
13820,1.744
13824,1.715
13834,1.772
13838,1.746
13842,1.73
13846,1.743
13850,1.761
13854,1.707
13858,1.757
13862,1.767
13866,1.741
13870,1.714
13874,1.756
13878,1.765
13882,1.719
13886,1.733
13890,1.779
13894,1.714
13898,1.798
13902,1.75
13905,1.733
13909,1.741
13913,1.771
13917,1.771
13921,1.704
13925,1.741
13929,1.788
13933,1.742
13937,1.734
13941,1.728
13945,1.767
13949,1.758
13953,1.775
13963,1.753
13967,1.733
13971,1.741
13975,1.729
13979,1.745
13983,1.736
13987,1.72
13991,1.708
13995,1.772
13999,1.775
14003,1.744
14007,1.716
14011,1.719
14015,1.741
14019,1.754
14023,1.772
14027,1.723
14031,1.716
14035,1.731
14039,1.709
14043,1.766
14047,1.766
14051,1.74
14055,1.775
14059,1.759
14063,1.71
14067,1.739
14071,1.789
14075,1.689
14079,1.745
14083,1.775
14091,1.729
14096,1.752
14100,1.774
14104,1.733
14108,1.742
14111,1.769
14115,1.712
14119,1.733
14123,1.769
14126,1.716
14130,1.736
14134,1.799
14138,1.724
14141,1.742
14145,1.767
14149,1.749
14153,1.745
14157,1.768
14160,1.72
14164,1.75
14168,1.758
14172,1.721
14175,1.764
14179,1.776
14183,1.729
14187,1.755
14190,1.728
14194,1.764
14198,1.782
14202,1.71
14205,1.764
14214,1.742
14219,1.728
14223,1.731
14227,1.727
14231,1.737
14235,1.721
14239,1.8
14243,1.761
14247,1.722
14251,1.733
14255,1.761
14259,1.764
14263,1.75
14267,1.708
14271,1.722
14275,1.735
14279,1.789
14283,1.765
14288,1.723
14292,1.752
14296,1.739
14300,1.736
14304,1.749
14308,1.729
14312,1.725
14316,1.715
14320,1.743
14324,1.761
14328,1.761
14332,1.741
14336,1.73
14346,1.751
14350,1.752
14354,1.772
14359,1.748
14363,1.709
14367,1.732
14371,1.716
14375,1.729
14379,1.711
14383,1.719
14387,1.765
14391,1.759
14395,1.74
14399,1.75
14403,1.764
14407,1.768
14411,1.74
14415,1.731
14419,1.728
14423,1.76
14427,1.735
14431,1.717
14435,1.733
14439,1.777
14443,1.738
14447,1.725
14451,1.766
14456,1.758
14460,1.738
14464,1.733
14468,1.73
14478,1.733
14482,1.709
14486,1.751
14490,1.755
14494,1.769
14498,1.778
14503,1.722
14507,1.745
14511,1.731
14515,1.722
14519,1.752
14523,1.711
14527,1.783
14531,1.729
14536,1.712
14539,1.73
14544,1.765
14548,1.765
14552,1.767
14556,1.72
14560,1.701
14565,1.723
14569,1.762
14573,1.717
14577,1.723
14581,1.737
14585,1.698
14589,1.727
14594,1.754
14598,1.783
14602,1.764
14612,1.739
14616,1.714
14620,1.742
14625,1.781
14629,1.738
14633,1.748
14637,1.761
14641,1.726
14645,1.745
14649,1.735
14653,1.72
14657,1.753
14661,1.742
14665,1.734
14669,1.749
14673,1.766
14677,1.712
14681,1.797
14685,1.728
14689,1.763
14693,1.74
14697,1.72
14701,1.782
14705,1.732
14710,1.753
14714,1.748
14718,1.746
14721,1.736
14725,1.725
14729,1.794
14733,1.696
14741,1.743
14747,1.753
14751,1.747
14755,1.768
14759,1.716
14763,1.762
14767,1.754
14771,1.731
14775,1.745
14778,1.737
14782,1.729
14787,1.79
14791,1.728
14795,1.735
14799,1.742
14803,1.728
14807,1.703
14811,1.764
14815,1.736
14820,1.725
14824,1.752
14828,1.712
14832,1.736
14836,1.766
14840,1.759
14844,1.725
14848,1.745
14852,1.738
14856,1.741
14860,1.75
14864,1.779
14874,1.775
14878,1.762
14882,1.725
14886,1.716
14890,1.731
14894,1.74
14898,1.775
14902,1.721
14906,1.744
14910,1.747
14914,1.789
14918,1.737
14922,1.741
14926,1.723
14930,1.732
14934,1.736
14938,1.738
14942,1.787
14946,1.743
14951,1.704
14955,1.761
14959,1.737
14963,1.752
14967,1.716
14971,1.73
14975,1.757
14979,1.733
14983,1.75
14987,1.733
14991,1.733
14995,1.749
15005,1.745
15009,1.757
15013,1.742
15017,1.727
15021,1.733
15025,1.762
15029,1.779
15033,1.758
15037,1.716
15041,1.741
15045,1.712
15049,1.721
15054,1.72
15058,1.735
15062,1.755
15066,1.759
15070,1.776
15074,1.75
15078,1.733
15082,1.717
15086,1.729
15090,1.712
15094,1.707
15099,1.766
15103,1.73
15107,1.757
15111,1.744
15115,1.762
15119,1.74
15123,1.756
15127,1.738
15137,1.73
15142,1.715
15146,1.745
15150,1.78
15154,1.725
15158,1.725
15162,1.734
15166,1.737
15170,1.8
15174,1.758
15179,1.737
15183,1.686
15187,1.779
15191,1.744
15195,1.713
15199,1.745
15203,1.781
15207,1.748
15211,1.765
15215,1.704
15218,1.766
15222,1.732
15226,1.717
15230,1.718
15234,1.758
15238,1.733
15242,1.725
15246,1.728
15249,1.753
15254,1.729
15257,1.712
15266,1.744
15275,1.733
15278,1.74
15282,1.763
15286,1.79
15290,1.708
15294,1.753
15298,1.764
15302,1.711
15306,1.76
15310,1.742
15314,1.727
15318,1.736
15322,1.725
15326,1.758
15329,1.724
15333,1.745
15337,1.752
15341,1.77
15345,1.77
15349,1.72
15354,1.725
15358,1.741
15362,1.751
15366,1.774
15370,1.762
15374,1.73
15378,1.705
15382,1.756
15387,1.747
15394,1.756
15398,1.764
15402,1.716
15406,1.722
15410,1.729
15414,1.766
15418,1.794
15422,1.758
15426,1.721
15430,1.71
15434,1.728
15438,1.755
15442,1.77
15446,1.755
15450,1.772
15454,1.685
15458,1.72
15462,1.77
15466,1.746
15470,1.712
15474,1.761
15478,1.747
15482,1.716
15486,1.725
15490,1.733
15494,1.725
15498,1.75
15502,1.77
15506,1.73
15510,1.729
15514,1.716
15523,1.77
15527,1.756
15530,1.731
15535,1.711
15539,1.748
15542,1.793
15546,1.768
15550,1.752
15554,1.733
15558,1.747
15562,1.762
15566,1.74
15570,1.741
15574,1.764
15578,1.751
15582,1.728
15586,1.755
15590,1.713
15594,1.738
15598,1.742
15602,1.725
15606,1.736
15610,1.738
15614,1.778
15618,1.763
15622,1.738
15626,1.7
15630,1.715
15634,1.747
15638,1.741
15642,1.76
15652,1.795
15656,1.71
15660,1.787
15664,1.75
15668,1.737
15672,1.761
15676,1.765
15680,1.721
15684,1.732
15688,1.732
15692,1.711
15696,1.729
15700,1.78
15704,1.745
15708,1.741
15712,1.712
15716,1.727
15720,1.754
15724,1.727
15728,1.767
15732,1.748
15736,1.726
15740,1.743
15744,1.736
15748,1.787
15752,1.741
15756,1.72
15759,1.728
15763,1.755
15767,1.781
15771,1.752
15781,1.716
15785,1.792
15789,1.733
15793,1.725
15797,1.749
15801,1.754
15805,1.775
15808,1.736
15812,1.722
15816,1.77
15821,1.741
15824,1.713
15828,1.733
15832,1.762
15836,1.748
15840,1.733
15843,1.711
15847,1.755
15851,1.718
15855,1.732
15859,1.737
15863,1.741
15866,1.724
15870,1.759
15907,1.709
15912,1.754
15916,1.729
15920,1.728
15924,1.71
15928,1.775
15932,1.719
15936,1.734
15940,1.744
15944,1.737
15948,1.692
15952,1.724
15956,1.737
15960,1.746
15964,1.733
15967,1.724
15971,1.707
15976,1.766
15979,1.72
15983,1.712
15987,1.74
15991,1.74
15995,1.745
15999,1.721
16003,1.737
16007,1.749
16011,1.795
16015,1.744
16019,1.727
16023,1.753
16027,1.758
16035,1.763
16041,1.721
16045,1.752
16049,1.708
16053,1.729
16057,1.743
16061,1.731
16065,1.698
16069,1.69
16073,1.771
16077,1.763
16081,1.713
16085,1.733
16089,1.762
16093,1.734
16097,1.795
16101,1.741
16105,1.754
16109,1.725
16113,1.762
16117,1.746
16121,1.725
16125,1.782
16129,1.734
16132,1.736
16136,1.75
16141,1.758
16145,1.754
16148,1.736
16152,1.712
16156,1.762
16165,1.741
16170,1.721
16174,1.734
16178,1.71
16182,1.75
16186,1.747
16190,1.751
16194,1.791
16198,1.77
16202,1.75
16206,1.769
16210,1.705
16214,1.751
16218,1.761
16222,1.729
16226,1.765
16230,1.762
16234,1.742
16238,1.731
16243,1.748
16247,1.712
16251,1.714
16255,1.746
16259,1.775
16263,1.756
16267,1.754
16271,1.762
16275,1.799
16279,1.722
16283,1.749
16287,1.729
16296,1.743
16301,1.758
16305,1.725
16309,1.714
16314,1.779
16318,1.704
16322,1.724
16326,1.758
16330,1.806
16333,1.761
16337,1.712
16341,1.769
16345,1.745
16349,1.748
16352,1.709
16356,1.763
16360,1.737
16364,1.741
16367,1.725
16371,1.705
16375,1.747
16379,1.748
16383,1.752
16386,1.77
16390,1.727
16394,1.774
16398,1.776
16402,1.737
16406,1.745
16410,1.763
16413,1.751
16422,1.709
16427,1.741
16431,1.769
16434,1.744
16438,1.701
16442,1.767
16446,1.761
16450,1.741
16454,1.704
16457,1.766
16461,1.758
16465,1.724
16469,1.731
16473,1.735
16477,1.74
16481,1.745
16485,1.728
16489,1.766
16493,1.751
16497,1.745
16502,1.729
16506,1.78
16510,1.734
16514,1.745
16518,1.716
16522,1.738
16526,1.777
16530,1.787
16534,1.741
16538,1.77
16542,1.782
16550,1.783
16556,1.74
16561,1.712
16565,1.776
16568,1.774
16573,1.732
16577,1.737
16581,1.758
16585,1.774
16589,1.745
16593,1.759
16597,1.782
16601,1.776
16605,1.725
16609,1.754
16613,1.75
16617,1.752
16622,1.723
16626,1.765
16630,1.741
16634,1.704
16638,1.746
16642,1.769
16646,1.691
16650,1.751
16654,1.758
16658,1.716
16662,1.749
16666,1.741
16670,1.76
16675,1.762
16683,1.728
16689,1.749
16693,1.789
16697,1.733
16701,1.749
16705,1.741
16709,1.737
16713,1.762
16717,1.753
16721,1.753
16725,1.717
16729,1.733
16733,1.737
16737,1.748
16741,1.754
16745,1.753
16749,1.745
16753,1.75
16757,1.751
16761,1.715
16765,1.744
16769,1.752
16773,1.763
16777,1.733
16781,1.734
16785,1.746
16789,1.731
16793,1.733
16797,1.725
16801,1.708
16805,1.731
16814,1.735
16820,1.734
16824,1.735
16828,1.756
16832,1.713
16836,1.708
16840,1.771
16844,1.762
16848,1.768
16852,1.74
16856,1.727
16860,1.729
16864,1.765
16868,1.733
16872,1.766
16876,1.779
16880,1.727
16884,1.726
16888,1.726
16892,1.754
16896,1.737
16900,1.725
16904,1.75
16908,1.749
16912,1.721
16916,1.758
16919,1.758
16923,1.791
16927,1.76
16931,1.734
16935,1.725
16943,1.732
16949,1.754
16953,1.744
16957,1.706
16961,1.748
16965,1.78
16969,1.725
16972,1.729
16976,1.748
16980,1.747
16984,1.759
16988,1.754
16992,1.727
16995,1.775
16999,1.706
17003,1.705
17007,1.764
17011,1.774
17014,1.762
17018,1.715
17022,1.719
17026,1.758
17030,1.723
17034,1.741
17039,1.75
17043,1.754
17047,1.745
17051,1.745
17055,1.687
17059,1.733
17063,1.736
17071,1.772
17077,1.742
17081,1.732
17085,1.712
17089,1.696
17093,1.745
17098,1.762
17101,1.795
17106,1.729
17110,1.722
17114,1.718
17118,1.743
17122,1.74
17126,1.762
17130,1.726
17134,1.75
17138,1.71
17142,1.734
17146,1.77
17150,1.791
17154,1.749
17159,1.717
17163,1.741
17167,1.762
17171,1.75
17175,1.738
17179,1.748
17183,1.766
17187,1.757
17191,1.725
17195,1.735
17203,1.702
17209,1.767
17213,1.756
17217,1.7
17221,1.713
17225,1.754
17229,1.748
17234,1.801
17237,1.736
17241,1.712
17245,1.733
17249,1.739
17253,1.744
17257,1.736
17261,1.715
17265,1.766
17269,1.752
17273,1.775
17277,1.738
17281,1.74
17285,1.741
17289,1.729
17293,1.713
17297,1.766
17301,1.751
17305,1.746
17309,1.765
17313,1.741
17317,1.749
17321,1.74
17325,1.761
17333,1.753
17339,1.775
17343,1.748
17347,1.755
17351,1.729
17355,1.726
17359,1.752
17363,1.768
17367,1.752
17371,1.731
17375,1.687
17379,1.723
17383,1.748
17387,1.747
17391,1.741
17395,1.791
17399,1.737
17403,1.717
17407,1.724
17411,1.75
17415,1.743
17419,1.745
17423,1.716
17427,1.774
17431,1.73
17435,1.722
17438,1.722
17442,1.742
17446,1.73
17450,1.729
17453,1.754
17461,1.791
17467,1.77
17471,1.742
17474,1.745
17478,1.77
17482,1.716
17485,1.74
17489,1.778
17493,1.729
17496,1.713
17500,1.749
17504,1.753
17508,1.719
17512,1.732
17516,1.75
17519,1.726
17523,1.723
17527,1.703
17530,1.736
17534,1.739
17538,1.729
17542,1.716
17545,1.742
17549,1.744
17553,1.721
17557,1.744
17560,1.808
17564,1.743
17568,1.736
17572,1.751
17576,1.781
17582,1.791
17586,1.754
17590,1.733
17594,1.733
17598,1.761
17602,1.711
17606,1.697
17610,1.767
17614,1.727
17618,1.708
17622,1.716
17626,1.755
17630,1.77
17634,1.727
17638,1.72
17642,1.722
17646,1.749
17650,1.734
17654,1.769
17658,1.737
17662,1.795
17666,1.728
17670,1.723
17674,1.758
17678,1.712
17682,1.712
17686,1.754
17690,1.733
17694,1.741
17698,1.758
17702,1.748
17710,1.704
17716,1.745
17720,1.741
17724,1.748
17727,1.716
17731,1.764
17735,1.722
17739,1.78
17743,1.728
17747,1.716
17751,1.768
17755,1.738
17759,1.737
17763,1.77
17767,1.695
17771,1.737
17775,1.756
17779,1.707
17783,1.735
17787,1.806
17791,1.737
17795,1.761
17799,1.733
17803,1.754
17807,1.754
17811,1.716
17815,1.737
17819,1.731
17823,1.734
17827,1.717
17831,1.758
17839,1.767
17845,1.765
17849,1.775
17853,1.791
17857,1.759
17861,1.766
17865,1.729
17869,1.73
17873,1.758
17877,1.741
17881,1.73
17885,1.738
17889,1.754
17893,1.739
17897,1.735
17901,1.724
17905,1.75
17909,1.781
17913,1.716
17917,1.733
17921,1.718
17925,1.716
17929,1.744
17933,1.767
17937,1.762
17941,1.72
17945,1.716
17949,1.712
17953,1.732
17957,1.717
17961,1.756
17970,1.747
17975,1.743
17979,1.764
17983,1.74
17987,1.754
17991,1.781
17995,1.733
17999,1.787
18003,1.737
18007,1.764
18011,1.758
18015,1.737
18019,1.76
18023,1.71
18027,1.754
18031,1.75
18035,1.7
18039,1.737
18042,1.773
18047,1.741
18051,1.725
18054,1.75
18058,1.786
18062,1.732
18066,1.754
18069,1.754
18073,1.719
18077,1.758
18081,1.774
18084,1.725
18088,1.756
18094,1.755
18098,1.76
18102,1.733
18105,1.744
18109,1.758
18113,1.745
18117,1.775
18121,1.729
18125,1.758
18129,1.729
18133,1.73
18137,1.747
18141,1.732
18145,1.733
18149,1.757
18153,1.736
18157,1.729
18161,1.752
18165,1.787
18169,1.749
18174,1.729
18178,1.738
18182,1.782
18186,1.725
18190,1.78
18194,1.766
18198,1.762
18202,1.751
18206,1.751
18210,1.724
18214,1.719
18222,1.772
18228,1.695
18232,1.755
18236,1.788
18240,1.716
18244,1.76
18248,1.762
18252,1.749
18256,1.735
18260,1.768
18265,1.729
18268,1.736
18273,1.745
18277,1.723
18281,1.754
18285,1.759
18289,1.726
18293,1.762
18297,1.715
18301,1.716
18305,1.762
18309,1.74
18313,1.741
18317,1.72
18321,1.753
18326,1.744
18330,1.733
18334,1.76
18338,1.737
18342,1.717
18346,1.788
18354,1.748
18360,1.754
18364,1.791
18368,1.754
18372,1.755
18376,1.706
18381,1.75
18385,1.751
18389,1.787
18393,1.714
18397,1.753
18401,1.748
18405,1.758
18409,1.719
18413,1.723
18418,1.751
18422,1.764
18426,1.718
18430,1.722
18434,1.75
18438,1.742
18442,1.697
18446,1.736
18451,1.741
18455,1.764
18459,1.77
18463,1.734
18467,1.737
18471,1.737
18475,1.725
18480,1.737
18488,1.715
18494,1.755
18498,1.747
18502,1.736
18506,1.727
18510,1.748
18515,1.742
18519,1.737
18523,1.774
18527,1.733
18531,1.725
18535,1.772
18539,1.733
18543,1.741
18547,1.75
18551,1.75
18555,1.749
18558,1.759
18562,1.691
18566,1.769
18570,1.757
18573,1.69
18577,1.74
18581,1.741
18585,1.711
18589,1.75
18592,1.768
18596,1.712
18600,1.717
18604,1.734
18607,1.734
18613,1.744
18617,1.758
18621,1.74
18625,1.716
18629,1.758
18632,1.806
18636,1.756
18640,1.745
18644,1.729
18647,1.716
18651,1.722
18655,1.743
18658,1.739
18662,1.736
18666,1.723
18670,1.72
18674,1.779
18678,1.735
18682,1.779
18686,1.725
18690,1.74
18694,1.734
18698,1.744
18702,1.754
18706,1.745
18710,1.723
18714,1.712
18719,1.766
18723,1.77
18727,1.756
18730,1.734
18738,1.741
18744,1.719
18748,1.738
18752,1.721
18756,1.77
18760,1.746
18764,1.75
18768,1.742
18772,1.712
18777,1.759
18781,1.763
18785,1.748
18789,1.724
18793,1.743
18797,1.731
18801,1.76
18805,1.747
18809,1.736
18813,1.741
18817,1.767
18821,1.753
18825,1.752
18829,1.734
18833,1.741
18837,1.758
18842,1.749
18846,1.708
18849,1.721
18854,1.795
18858,1.745
18862,1.723
18870,1.694
18876,1.734
18880,1.779
18884,1.737
18888,1.757
18892,1.729
18896,1.733
18900,1.733
18904,1.788
18908,1.752
18913,1.775
18917,1.786
18920,1.78
18925,1.741
18929,1.699
18933,1.72
18937,1.748
18941,1.775
18945,1.764
18949,1.701
18953,1.724
18958,1.721
18962,1.708
18966,1.751
18970,1.737
18974,1.738
18978,1.712
18982,1.721
18986,1.772
18991,1.737
18995,1.73
19003,1.734
19009,1.724
19013,1.744
19018,1.75
19022,1.77
19026,1.778
19030,1.754
19034,1.75
19038,1.688
19042,1.731
19047,1.753
19051,1.756
19055,1.782
19059,1.721
19064,1.74
19068,1.774
19072,1.788
19076,1.76
19081,1.735
19085,1.726
19089,1.734
19093,1.783
19097,1.737
19101,1.719
19105,1.726
19109,1.758
19113,1.742
19117,1.796
19121,1.722
19125,1.724
19129,1.743
19137,1.749
19143,1.765
19146,1.735
19151,1.704
19155,1.725
19159,1.758
19162,1.787
19166,1.701
19170,1.685
19173,1.733
19177,1.755
19181,1.761
19185,1.745
19188,1.7
19192,1.754
19196,1.763
19200,1.755
19203,1.77
19207,1.746
19211,1.74
19214,1.748
19218,1.765
19222,1.763
19226,1.718
19230,1.731
19234,1.723
19238,1.744
19242,1.799
19246,1.77
19250,1.762
19254,1.716
19260,1.741
19264,1.723
19268,1.759
19272,1.791
19276,1.745
19280,1.737
19284,1.725
19288,1.717
19292,1.762
19296,1.771
19300,1.741
19304,1.744
19308,1.729
19312,1.741
19316,1.783
19320,1.79
19324,1.756
19328,1.721
19332,1.739
19336,1.761
19340,1.769
19344,1.729
19348,1.712
19352,1.694
19356,1.783
19360,1.754
19364,1.733
19368,1.747
19372,1.748
19375,1.744
19379,1.751
19387,1.738
19393,1.718
19397,1.737
19401,1.762
19405,1.736
19409,1.714
19412,1.71
19416,1.756
19420,1.745
19424,1.73
19428,1.723
19432,1.712
19436,1.744
19440,1.716
19444,1.725
19448,1.755
19452,1.729
19456,1.75
19460,1.743
19464,1.732
19468,1.743
19472,1.704
19476,1.727
19480,1.72
19484,1.75
19488,1.745
19492,1.75
19496,1.74
19500,1.715
19504,1.724
19508,1.732
19516,1.707
19522,1.768
19526,1.736
19530,1.739
19534,1.727
19538,1.753
19542,1.75
19546,1.76
19550,1.758
19554,1.737
19558,1.757
19562,1.709
19566,1.755
19570,1.731
19574,1.726
19578,1.721
19582,1.726
19586,1.729
19591,1.751
19595,1.694
19599,1.76
19603,1.737
19607,1.738
19611,1.758
19615,1.747
19652,1.72
19892,1.753
20138,1.76
20353,1.777
20561,1.721
20786,1.741
21026,1.759
21246,1.79
21325,1.716
21329,1.75
21332,1.729
21336,1.75
21340,1.718
21344,1.754
21347,1.766
21351,1.745
21354,1.763
21358,1.741
21365,1.742
21369,1.745
21373,1.804
21377,1.76
21380,1.75
21384,1.711
21388,1.775
21391,1.729
21395,1.741
21399,1.724
21402,1.809
21406,1.746
21410,1.692
21414,1.725
21417,1.78
21421,1.732
21425,1.713
21428,1.723
21432,1.775
21436,1.741
21446,1.725
21450,1.744
21454,1.758
21458,1.701
21462,1.712
21466,1.758
21470,1.724
21474,1.719
21478,1.731
21482,1.773
21486,1.739
21490,1.741
21494,1.733
21498,1.73
21502,1.714
21506,1.746
21510,1.783
21514,1.731
21518,1.731
21522,1.732
21526,1.741
21530,1.755
21534,1.817
21538,1.739
21542,1.75
21546,1.737
21550,1.732
21554,1.725
21558,1.731
21562,1.727
21566,1.739
21572,1.733
21576,1.737
21580,1.746
21584,1.795
21588,1.751
21592,1.732
21596,1.715
21600,1.774
21604,1.761
21608,1.713
21612,1.758
21616,1.745
21620,1.721
21624,1.758
21628,1.749
21632,1.725
21636,1.75
21640,1.766
21644,1.787
21648,1.723
21652,1.734
21656,1.775
21660,1.753
21664,1.711
21668,1.752
21672,1.745
21676,1.721
21680,1.736
21684,1.769
21688,1.749
21692,1.762
21701,1.741
21705,1.704
21709,1.729
21713,1.745
21717,1.788
21721,1.78
21725,1.729
21729,1.725
21733,1.736
21737,1.725
21741,1.749
21745,1.754
21749,1.766
21753,1.728
21757,1.764
21761,1.775
21766,1.752
21769,1.747
21773,1.739
21778,1.725
21782,1.725
21786,1.76
21790,1.754
21794,1.756
21798,1.722
21802,1.725
21806,1.722
21810,1.748
21814,1.754
21818,1.767
21822,1.763
21829,1.724
21833,1.746
21837,1.762
21841,1.725
21845,1.725
21849,1.769
21853,1.722
21856,1.737
21860,1.754
21864,1.724
21868,1.741
21872,1.702
21876,1.755
21880,1.745
21884,1.703
21888,1.742
21892,1.767
21896,1.71
21900,1.713
21904,1.739
21907,1.756
21911,1.691
21915,1.727
21918,1.734
21922,1.734
21926,1.711
21930,1.761
21934,1.745
21938,1.732
21942,1.728
21945,1.741
21954,1.771
21958,1.753
21962,1.744
21966,1.741
21969,1.758
21973,1.677
21977,1.75
21981,1.754
21985,1.767
21989,1.703
21994,1.755
21997,1.793
22001,1.773
22006,1.743
22010,1.75
22014,1.747
22018,1.747
22022,1.729
22026,1.743
22030,1.748
22034,1.762
22038,1.725
22042,1.735
22046,1.745
22050,1.742
22055,1.739
22059,1.729
22063,1.73
22066,1.711
22071,1.756
22075,1.791
22081,1.723
22085,1.754
22089,1.728
22093,1.74
22097,1.74
22101,1.74
22105,1.759
22109,1.751
22113,1.731
22117,1.741
22121,1.745
22125,1.753
22129,1.729
22133,1.722
22137,1.738
22141,1.765
22145,1.726
22149,1.765
22153,1.753
22157,1.726
22161,1.728
22165,1.756
22169,1.725
22174,1.72
22177,1.75
22181,1.777
22186,1.82
22190,1.707
22194,1.739
22197,1.706
22202,1.769
22211,1.782
22215,1.769
22219,1.731
22223,1.709
22227,1.734
22231,1.737
22235,1.721
22239,1.754
22243,1.744
22247,1.783
22251,1.781
22255,1.75
22259,1.728
22263,1.71
22267,1.698
22271,1.722
22275,1.706
22279,1.725
22283,1.7
22287,1.753
22291,1.782
22295,1.692
22299,1.762
22303,1.738
22307,1.713
22311,1.688
22315,1.739
22320,1.784
22324,1.793
22328,1.766
22332,1.755
22338,1.718
22343,1.75
22347,1.76
22350,1.791
22355,1.783
22359,1.733
22363,1.712
22367,1.745
22371,1.747
22375,1.75
22379,1.819
22383,1.768
22387,1.708
22391,1.748
22395,1.77
22398,1.745
22403,1.701
22407,1.703
22410,1.735
22414,1.786
22418,1.748
22422,1.725
22426,1.729
22430,1.72
22434,1.725
22438,1.783
22442,1.747
22446,1.725
22450,1.73
22454,1.732
22457,1.754
22466,1.783
22470,1.733
22474,1.732
22478,1.74
22482,1.744
22486,1.77
22489,1.768
22493,1.711
22497,1.747
22501,1.761
22504,1.766
22508,1.763
22512,1.733
22516,1.746
22520,1.76
22524,1.769
22528,1.734
22532,1.697
22536,1.744
22540,1.77
22544,1.741
22548,1.757
22552,1.729
22556,1.712
22560,1.75
22565,1.774
22569,1.779
22572,1.739
22577,1.742
22581,1.722
22585,1.739
22591,1.783
22595,1.796
22599,1.758
22603,1.725
22607,1.717
22611,1.708
22615,1.75
22619,1.733
22623,1.741
22627,1.741
22631,1.751
22635,1.769
22639,1.757
22643,1.793
22647,1.724
22651,1.725
22655,1.751
22659,1.776
22663,1.721
22667,1.751
22671,1.737
22675,1.758
22679,1.76
22683,1.733
22687,1.719
22691,1.738
22695,1.727
22699,1.739
22703,1.743
22706,1.766
22711,1.807
22720,1.733
22724,1.719
22728,1.772
22732,1.722
22736,1.704
22740,1.752
22743,1.782
22747,1.721
22751,1.743
22755,1.751
22759,1.757
22763,1.759
22767,1.741
22771,1.754
22775,1.767
22779,1.735
22783,1.744
22787,1.735
22791,1.732
22795,1.762
22799,1.803
22803,1.749
22807,1.75
22811,1.725
22815,1.725
22819,1.737
22823,1.739
22827,1.735
22831,1.736
22835,1.726
22839,1.723
22845,1.749
22849,1.778
22853,1.76
22857,1.77
22861,1.747
22865,1.701
22869,1.721
22873,1.77
22877,1.747
22881,1.754
22885,1.749
22889,1.733
22893,1.738
22897,1.721
22901,1.742
22905,1.762
22909,1.76
22913,1.69
22917,1.804
22921,1.732
22924,1.712
22928,1.743
22932,1.747
22935,1.761
22939,1.768
22943,1.745
22947,1.734
22950,1.74
22954,1.706
22958,1.723
22961,1.809
22970,1.741
22974,1.74
22978,1.775
22982,1.717
22985,1.714
22989,1.76
22993,1.757
22997,1.75
23000,1.79
23004,1.758
23008,1.772
23011,1.731
23015,1.737
23019,1.758
23023,1.79
23026,1.708
23030,1.766
23034,1.768
23038,1.764
23041,1.725
23045,1.773
23049,1.747
23053,1.737
23057,1.757
23061,1.78
23065,1.716
23069,1.717
23072,1.781
23077,1.741
23081,1.698
23084,1.751
23091,1.721
23095,1.706
23099,1.779
23103,1.775
23107,1.735
23111,1.732
23115,1.748
23119,1.75
23123,1.712
23127,1.751
23131,1.753
23135,1.724
23139,1.823
23143,1.733
23147,1.701
23151,1.737
23155,1.75
23159,1.661
23163,1.762
23167,1.757
23171,1.717
23175,1.744
23179,1.758
23183,1.717
23187,1.753
23191,1.735
23195,1.721
23199,1.749
23203,1.733
23207,1.734
23211,1.786
23220,1.73
23224,1.771
23228,1.783
23232,1.733
23236,1.736
23240,1.751
23244,1.732
23248,1.733
23252,1.766
23256,1.708
23260,1.741
23264,1.752
23268,1.707
23272,1.77
23276,1.727
23280,1.752
23284,1.772
23287,1.727
23292,1.785
23296,1.726
23299,1.712
23303,1.761
23307,1.751
23312,1.767
23316,1.725
23319,1.76
23324,1.743
23328,1.774
23332,1.751
23336,1.78
23340,1.704
23346,1.74
23350,1.733
23354,1.749
23358,1.771
23362,1.769
23366,1.753
23370,1.736
23374,1.729
23379,1.718
23383,1.739
23386,1.733
23391,1.731
23395,1.75
23399,1.753
23403,1.784
23407,1.783
23411,1.76
23415,1.719
23419,1.72
23423,1.741
23427,1.738
23431,1.733
23435,1.758
23439,1.765
23443,1.726
23447,1.753
23451,1.773
23455,1.765
23459,1.733
23463,1.704
23467,1.758
23476,1.723
23480,1.707
23484,1.729
23488,1.767
23492,1.741
23496,1.732
23500,1.762
23503,1.779
23508,1.748
23512,1.724
23515,1.715
23519,1.778
23523,1.748
23528,1.734
23531,1.716
23535,1.729
23539,1.696
23543,1.724
23547,1.744
23551,1.739
23555,1.72
23558,1.753
23562,1.741
23566,1.729
23570,1.732
23574,1.749
23578,1.75
23581,1.736
23585,1.726
23589,1.759
23593,1.738
23600,1.714
23604,1.729
23608,1.739
23612,1.698
23616,1.778
23620,1.726
23624,1.728
23629,1.74
23633,1.743
23637,1.765
23641,1.73
23645,1.745
23649,1.712
23653,1.737
23658,1.728
23662,1.777
23666,1.694
23670,1.744
23674,1.791
23678,1.735
23682,1.73
23687,1.746
23691,1.734
23695,1.714
23699,1.751
23703,1.786
23707,1.72
23712,1.759
23716,1.725
23720,1.738
23724,1.765
23734,1.735
23738,1.733
23742,1.73
23746,1.719
23750,1.781
23754,1.717
23759,1.751
23763,1.76
23767,1.745
23771,1.745
23775,1.761
23779,1.745
23784,1.741
23788,1.749
23792,1.755
23796,1.711
23800,1.751
23804,1.747
23809,1.745
23813,1.73
23817,1.719
23821,1.733
23825,1.715
23829,1.729
23834,1.767
23838,1.735
23842,1.775
23846,1.743
23850,1.738
23855,1.715
23859,1.734
23866,1.758
23870,1.762
23874,1.74
23878,1.766
23882,1.758
23887,1.769
23891,1.743
23895,1.743
23899,1.737
23903,1.741
23908,1.724
23912,1.733
23916,1.735
23920,1.728
23924,1.765
23928,1.754
23932,1.762
23936,1.74
23940,1.779
23945,1.758
23949,1.731
23953,1.733
23957,1.73
23961,1.735
23965,1.725
23969,1.739
23973,1.798
23977,1.757
23982,1.726
23985,1.708
23990,1.756
23999,1.766
24003,1.768
24007,1.735
24011,1.744
24015,1.716
24019,1.75
24023,1.803
24026,1.722
24030,1.738
24034,1.716
24038,1.763
24041,1.752
24045,1.692
24049,1.733
24053,1.747
24056,1.775
24061,1.732
24064,1.703
24068,1.716
24072,1.745
24076,1.762
24080,1.755
24084,1.753
24088,1.726
24092,1.754
24095,1.775
24099,1.764
24103,1.735
24107,1.717
24111,1.726
24115,1.735
24121,1.775
24125,1.737
24129,1.714
24132,1.714
24136,1.783
24140,1.741
24144,1.753
24148,1.709
24152,1.743
24156,1.722
24160,1.754
24164,1.777
24169,1.748
24173,1.764
24177,1.729
24181,1.763
24185,1.743
24189,1.722
24193,1.728
24197,1.774
24202,1.764
24206,1.723
24210,1.726
24214,1.754
24218,1.737
24222,1.768
24226,1.774
24230,1.747
24235,1.74
24239,1.725
24243,1.748
24252,1.779
24257,1.752
24261,1.706
24265,1.708
24269,1.791
24273,1.711
24277,1.75
24281,1.772
24285,1.791
24290,1.734
24294,1.732
24298,1.775
24302,1.75
24306,1.702
24310,1.767
24314,1.758
24318,1.729
24323,1.725
24327,1.775
24331,1.745
24335,1.749
24339,1.791
24343,1.748
24348,1.716
24352,1.729
24356,1.737
24360,1.72
24364,1.758
24368,1.741
24372,1.736
24377,1.799
24383,1.741
24387,1.683
24392,1.793
24396,1.698
24400,1.7
24404,1.709
24408,1.699
24413,1.721
24417,1.734
24421,1.723
24425,1.733
24429,1.741
24433,1.732
24437,1.774
24442,1.754
24446,1.75
24450,1.738
24454,1.725
24458,1.72
24462,1.76
24466,1.777
24470,1.756
24474,1.733
24478,1.746
24483,1.721
24487,1.734
24491,1.741
24495,1.765
24499,1.77
24503,1.732
24507,1.722
24516,1.745
24520,1.725
24524,1.766
24528,1.758
24532,1.783
24536,1.747
24540,1.748
24544,1.733
24548,1.722
24552,1.746
24556,1.758
24560,1.734
24564,1.716
24568,1.712
24572,1.742
24576,1.766
24579,1.744
24583,1.736
24587,1.722
24591,1.771
24595,1.765
24599,1.766
24602,1.745
24606,1.742
24610,1.745
24614,1.741
24618,1.75
24622,1.697
24626,1.712
24630,1.753
24633,1.762
24640,1.736
24643,1.753
24647,1.738
24651,1.742
24654,1.754
24658,1.796
24662,1.703
24666,1.77
24669,1.73
24673,1.75
24677,1.738
24680,1.758
24684,1.758
24688,1.793
24692,1.732
24695,1.728
24699,1.732
24703,1.764
